,review
0,"두 번째 방문입니다.고기 직접 구워주시는 것도 진짜 좋지만,일단 고기 자체가 다 신선하고 너무너무 맛있어요.회사 회식으로 오고 있지만,언젠간 가족들도 꼭 모시고 오고 싶어요.집에서 멀다는게 유일한 단점이네요ㅜㅜ"
1,서울에 데이트하러 왔다가 방문 했습니다☺️ 직원분들 친절하게 자리 안내해주셨고 고기도 질이 너무 좋고 입에서 사르르 녹아요~ 밑반찬도 다 맛있고 서비스도 잘 챙겨주셨어요😋
2,"친구가 방송에서 보고 가고싶다고 해서 예약했는데 3층짜리 건물인데도 한 자리 남아서 겨우 방문했습니다.벽돌갈비 진~~~짜 맛있어요 맛잇게 구워주시는데 그냥 입에서 사라집니다;; 그리고 곁들일 찬들이 많아서 눈돌아가요. 콜키지도 가능해서 가져온 와인이랑 잘 먹었네요. 양념갈비랑 냉면도 먹었는데 핵맛도리입니다. (비냉이 더 맛있었어요.) 마무리로 된장술밥까지 해서 먹었는데 진짜진짜 잘 먹었어요. 나중에 부모님 모시고 오고 싶단 생각 들었슴,,아 그리고 옷이랑 가방 넣을수있는 락커 있어서 좋았어요. 냄새 아예 안뱁니다 ㅎ👍🏻"
3,"두번째 방문이었답니다홍벽갈비(레드카펫갈비) 풍미와 육즙, 육향 아주 대박 만족. 홍벽갈비 사이주 특대 생갈비 👍👍👍칡물냉면과 비냉도 오랜만에 먹으니 맛있더라구요. 모임이나 회식장소로 굿. 룸도 많음"
4,엄마가 TV에 나오는걸보시고이집은 꼭 가봐야겠다하시고내일부터는 손님이 더 많아질까봐언능와봤어요😁벽돌갈비 큐브모양의 LA갈비를육즙 가득하게 맛있게 구워주셔서 너무 잘먹었어요 울 식구들 고기파도아닌뎅ㅎ 너무 맛있게 잘~~~먹었어요!!!반찬 하나하나 신경을 많이 쓰신듯다 맛있었어요 이집은 저장이예요 📸
5,"갈비 주문 3 + 1 에다 인원수 만큼의 냉면 서비스 등 다양하고 핫한 서비스가 있는 숯불구이 전문점 1~3층 규모에 룸을 갖추어 가족외식이나 단체회식 장소로 딱이면서 미국 금융 중심지 월가처럼 갈비 중심지 월가갈비라는 생각이 들더군요. 240시간 숙성된 삼겹살, 목살, 항정살의 흑돼지 스페셜 700g을 주문했더니 기본으로 나오는 소고기뭇국, 숙주야채무침, 감자전에다 다양한 반찬과 소스, 후식 아이스크림까지 대접 받는 느낌이 들어 좋았습니다."
6,"리뷰가 많아서 맛이 궁금해서 찾아왔는데사람들이 찾는 이유를 알겠어요.우서 가게 내부가 테이블간의 간격이 넓어서 답답한 느낌이 전혀 없고 , 주 메인 메인인 한정판매로 파는 레드카펫갈비의 소고기가 야들야들하고 즐기지 않아서 맛있어요. 곁들어서 나온 반찬들도 자극적이지 않아서 맛있어요. 추가로 시킨 벽돌갈비도 괜찮아요. 3명이서 방문 하면 주메뉴 시키고 추가로 벽돌갈비 추천해요."
7,리뷰보고  숙소  근처갔어요.너무  덥고~~~~~~~~~~앉아있는데의자에  허벅지에  땀이  ㅜㅜ직원들   소스에  설명이  없음.물어봐야  알려줌.고추.마늘 필요한  사람만 줌.난필요해서  애기했는데  ㅎ고추만 줌~~~ㅋ  ㅋ관광지라서  그런가??고기는   직접구워줌.추가 단품시키면  직접구워먹으라고함.된장찌개  약간  젓갈냄새??  사람마다  스타일  다르니고기  식감도~~~~~~~~~~~~ㅜ
8,최근 먹었던 소고기 집 중에 손 꼽는 맛집이에요😆 네모난 벽돌갈비는 나올 때부터 테트리스처럼 차곡차곡 쌓여서 나오는데 너무 신기했어요. 소갈비라 맛은 말할 것도 없고 직원 분이 친절하게 하나하나 구워주셔서 편하게 먹고 갔습니다🥰
9,고기 질이 좋아요 여자외국인직원분은 친절하시고 고기를 잘 구워줬어요 맛있게 먹었어요
10,"지인 소개로 오게 된 집인데 너무 맛있어요~직접 구워줘서 편하고, 고기도 사르르 녹네욯ㅎㅎ"
11,단체식사 일정이 있어 사전에 예약하고 갔는데준비도 꼼꼼하게 잘 챙겨주시고음식도 맛있고 다들 만족했습니다!친절하게 응대해주셔서 감사합니다! :)
12,2주전 벽돌갈비 먹고 맛있어서 다시 재방문했습니다점심특선 돼지갈비 먹었는데 연하고 간이 딱 떨어져서맛있어요네이버예약으로 받은 무료 하이볼도 맛있어요
13,"일단 최고는 홍벽갈비였어요눈도 입도 완전 대만족씹는 맛도 좋고 끝맛까지 고소했어요기본으로 나오는 소고기뭇국이 또 하나의 베스트에요멀건 국물이 아니라 육즙이 살아있는 국이라고나 할까?추가로 벽돌갈비를 먹을까 양념을 먹을까 하다가 양념을 선택했는데, 요건 뭔가 아쉬워요저 뿐만 아니라 같이 간 친구들이 다 같은 의견콜키지가 1병은 무료라 와인과 함께 즐거운 식사였습니다"
14,평소에 점심에 자주 먹으러 오는데 저녁에 부모님 모시고 방문했어요!! 반찬도 너무 정갈하게 나와서 자리 안내받자마자 기분이 좋아지네요!! 고기도 맛있고 돼지갈비 벽돌갈비 다 구워주셔서 식사동안 너무 편안했네요!! 부모님도 대만족!!!
15,갈비도 직접 잘 구워주셔서 편하고 맛있게 잘 먹었습니다~고층빌딩이 보이는 외관뷰도 멋지고 인테리어도 굿!!  고기도 정말 부드럽고 맛있어요!!
16,벽돌 소갈비 정말 맛있었습니다!!!!다음에 소중한 분들과 또 올게요
17,돼지양념갈비 먹으러 왔습니다😋요새 브레이크타임 있는 가게가 많은데 여기는 공휴일엔 브레이크타임이 없어서 안기다리고 바로 먹을 수 있었어요!직원분들도 다들 친절하시고 깨끗해서 다음에 또 올 것 같아요!
18,생일 맞아 특별한 메뉴를 먹고 싶어 웰가갈비에 방문했어요.맛은 물론이고 너무 친절한 직원분들이 계셔서 기분좋게 맛있게 먹고갑니다.혼잡하지 않고 적당한 손님들 시청역에 이런곳이 있었다니 너무 좋네요.다음에 또 재방문 10000퍼입니다!!
19,시청역 고기집 중 최고 맘에 들었던 맛집월가갈비!기본 탕이 갈비탕인데 기본찬도 엄청 다양하고 하나같이 다 맛있어서 주변 직장인분들 꼭 고기아니어도 점심 식사하기도 좋을 것 같았어요!점심 특선은 딱 점심 식사로 알맞은 양의 고기와 식사냉면인데 가성비가 좋아서 남자친구 어머님이랑 식사했는데분위기도 고기 맛도 다 만족스러워서 월가갈비로 선택한 제가 뿌듯해지더라구요❤️벽돌갈비 도톰한 고기에 질이 너무 좋아서 사르르 녹아버리는 맛에 또 방문할 것 같아요!!
20,양 많고 푸짐합니다. 밑반찬도 좋아요~위치가 지하철이랑도 가까워서 찾기 쉬웠어요.직원분도 친절하시고매장도 넓고 쾌적해서 단체 모임하기도 좋을거 같아요.고급 고깃집인데 가격이 그리 비싼건 아니라분위기 내기 좋네요.무엇보다 음식 하나하나 맛나서 재방문 계획입니다~
21,"오,, 하이볼 웬만한 곳에선 술맛 안나고 에이드 같아서 싫어하는데 여기 하이볼 정말 맛있어요!다른고기는 모르겠고 저는 아묻따 생갈비 추천입니다👊🏻👊🏻점장님 넘 친절하시고 배려해주셔서 잘 먹다 갑니다!"
22,가족식사를 여기서 했는데정말 맛있게 먹고 왔어요👍🏻
23,예약없이 왔는데도 바로 입장가능했습니다!반찬도 너무 맛있고 특히 소고기무국 엄청 맛나요~직원분들도 다 친절하시고 안내도 잘 해주셔서 편히 식사하고 갑니다!
24,친구들과 서울 놀러와서 덕수궁 관람 하고 저녁 먹으러 들렸어요. 덕수궁에서 도보로 5분 거리에 있어서 방문하기 좋아요. 반찬도 다양하고 매장이 넓어서 편하게 식사 할 수 있어서 좋아요. 직접 구워줘서 편하게 먹을수 있어서 좋아요.
25,키워드 선택하는데 선택할 수 있는 게 5개 뿐이라 아쉬웠던 곳은 오랜만이에요 그 정도로 굉장히 장점이 많은 곳이에요 키워드로 선택 못 한 거 말씀드리자면 룸이 정말 잘 되어 있어서 단체 모임 하기에 좋은 곳이에요 기타 등등 장점 다수 보유💘이곳의 시그니처 메뉴인 벽돌갈비 시켜 먹었는데 비주얼부터 신기하게 찐으로 벽돌처럼 나오고🤣맛은 뭐 말해 뭐 해요 소갈비라 맛이 없을 수 없습니다 직원분이 맛깔나고 야무지게 잘 구워 주십니다💘창가석이 참 뷰가 좋더라고요! 강추!
26,6번째 방문했어요! 아이들이 잘 먹어서 고기먹으러가면 이사오고 나서 월가갈비 애용해요! 부드럽고 질기지않아요~ 그리고 반찬도 괜찮고 냉면이나 된장찌개도양 많아요! 고기와 함께 마무리하면 넘 좋아요~ 저번부터 처음 본 직원 한 분이 차분하게잘 구워주세요. 다른 테이블 신경쓰시면서도고기도 정갈하게 잘라주시고요. 아마 계속 애용할 것 같아요! 매번 맛있게 먹습니다!
27,벽돌갈비 진짜 살살 녹아요~!본부장님 모시고 갔는데 고기도 적당히 잘 구워줘서다들 맛있다고 예약잘했다고 칭찬받았네요! ㅎㅎ
28,메뉴들도 맛좋고 사이드. 기본 찬도 하나하나 맛있고고기먹고났는데도 옷에 냄새도 거의 안나서회식으로 좋겠더라구여 다음에 또 오려구요가성비 좋진않아도 조금 더쓴다 생각하고 편하게 먹긴 최고!
29,"음식도 맛있고 깔끔합니다 주말 저녁에 방문해서 그런지 다소 접객이 늦는 면이 있었는데, 7시 반 이후로 방문하시면 괜찮을 것 같아요.가격도 합리적이고, 후식으로 주시는 아이스크림도 정말 맛있었어요"
30,부모님 모시고 갔는데 고기 너무 잘드시고 장소도 넓고 인테리어가 고급져서 식사  기분 좋게 잘 할 수 있었어요. 기본 반찬도 알차서 맛있게 한 끼 해결했네요 ㅎㅎ 
31,고기 정말 맛있고 매장도 넓고 쾌적하고 고기도 잘 구워주시고 사이드 메뉴도 모두 맛있어요. 앞으로도 또 오고 싶을 만큼 만족스러웠습니다!
32,언니랑 전시보러 왔다가 너무 배고파서 검색 검색하다 찾아서 왔는데 들어오자마자 너무 친절하시구 매장도 너무 쾌적하네요..! 고기 질은 말할것도 없고 직접 구워주시니까 너무 편하고 맛있게 먹었어요 🩷🩷반찬도 정갈하고 만약 가족모임이나 친구들 모임있으면 또 오고싶을거 같아요 ! 
33,양질의 단백질을 먹고 싶어서우연히 맛집을 찾다가 방문하게 되었어요! 서비스도 분위기도 좋아서 담엔 예약하고 와야겠어요~
34,"점심시간에 어디를 갈까하다가, 시청역 맛집이라 가봤어요. 내부도 전통적이고요. 괜찮더라구요.김치전골도 맛나구요. 직원 분들이 벽돌갈비도 구워주시고 응대도 반갑게 잘 해주시는것 같아요.잘 먹었습니다."
35,고기질도 좋고 씹었을때 고소한맛이 미쳤어요… 기본 소고기국도 맛있고 반찬들도 고기랑 찰떡궁합인 것들로 구성되어있어서 같이 곁들여서 맛있게먹었습니다:) 다음엔 부모님 모시고 오고싶어요👍
36,첫 방문인데 너무 만족합니다!! 반찬 나오는 구성이 진짜진짜 풍족해서 고기 먹기 전 부터 배가 불러요~ㅋㅋㅋ 고기 질도 정말 좋고 맛있게 먹었습니다 직원들 하나같이 이쁘고 잘생기고 친절해요💓 고기 처음부터 끝까지 구워주시는데 만족👍 다음에 또 방문할게요🤍🤍
37,고기 정말 맛있습니다. 소 녹습니다.대체로 고기집은 고기가 맛있거나 서비스가 좋거나 분위기가 좋거나 중 하나로 잘나가는데여기는 다 있습니다. 이렇게 친절 서비스 고기 분위기 모두 고루 갖춘 식당은 단언코 찾기 어려우리라 장담합니다.
38,고기가 살살녹고 너무 맛있어요.오자마자 따뜻하고  칼칼한 무국이 속을 너무 편하게해주고밑반찬들도 너무 정갈한맛이에요.대접받고 가는 느낌입니다^^
39,"예약 요청한대로 좋은 자리로 준비해주셨습니다. 고기 질도 좋아보였고 육회나 냉면같은 사이드도 다 좋았습니다. 직원들 서비스도 친절하셔서 만족스러웠습니다. 다만, 고기를 구워주실때 익히는 정도나 숯을 자주 갈아서 고기의 맛을 최대한으로 내지 못하는것 같아서 조금은 아쉬웠습니다.반찬이나 나머지는 모두 좋았습니다."
40,예약하고 갔는데 테이블 정리 중이라며 10분 정도 서 있다가 자리 착석했어요. 이럴거면 예약을 안 하고 갔을텐데요. 그리고 벽돌갈비 구워준다고 되있었는데 고기만 갖다주시고 안 구워주셔서 직원 호출하니까 그때 구워주시더라구요. 맛은 좋았습니다. 그리고 돼지고기를 주문했더니 돼지고기는 직접 구워먹으라고 하시는…. 구워준다는 정보 있어서 회식자리로 예약한건데 여러모로 아쉬웠습니다. 냉면 맛있어요. 회식자리로는 이용하지 않을 것 같아요.
41,평일 점심에 들렀는데 웨이팅 없이 바로 들어갈 수 있었어요! 매장이 엄청 넓고 깨끗해서 회식하기도 좋아보였네요고기질이 좋아서 정말 부드러웠어요밑반찬도 다 맛있어서 다음에 또 오려고요
42,3번째 방문! 너무 맛있습니다! 돼지갈비 시켜봤는데 아무래도..벽돌갈비가 제일 맛있네요!소갈비맛집입니다.  벽돌갈비 다시 먹으러 다음에 또 와야겠어요
43,외국인 친구들 데리고 왔는데 너무 맜있게 잘 먹었어요. 한국에서의 첫 바베큐 완전 성공적이에요!다음에 또 오고 싶은 곳이에요. 고기 잡내도 안나고 정말 맛있었어요. 배 불러서 더 못 먹는게 너무 아쉬울 뿐! 
44,"이미 다 먹어버려서 사진을 못찍었어요,,, 두번째 방문인데 너무 맛있어요🥹🥹🥹 중국 친구들하고 함께왔는데 친구들도 너무 맛있대요 !!!"
45,밑반찬이 훌륭하고 고기도 맛있어요 벽돌갈비맛있습니다. 강남에서 이거먹으러와요!
46,저번에 방문했을때 너무 맛있게 먹어서 또 방문했어요!고기도 너무 잘 구워주시고 요청사항들도 빠르고 친절하게 대응해주셔서 기분좋게 먹다가 가요😆
47,여기 진짜 고기가 맛있어요 깔끔한 맛이납니다 벽돌갈비 맛이 부드럽고 육즙과 육향이 가득해요 돼지갈비도 부드럽고 자극적인 맛이 아닌 깔끔해요 육회도 맛있고 파스타도 맛있습니다 맛이 정갈하고 맛있어요 :)
48,벽돌갈비라고 티비에서 보고 궁굼해서 와봤는데 처음에 컨셉이 신기해서 단순 호기심으로 고기먹으러 왔은데 컨셉도 그렇고 실제로 맛도 너무 있어서 놀랬고 분위기도 데이트하기에 컨셉을 잘 잡아서 완전 만족 최상이고 재방문 의사 확고합니다.!!
49,매장도 깨끗하고 친절합니다 또 올게요 :)
50,고기 맛있습니다!!멀리서 달려왔는데 온 보람이 있네요^^ 구워주셔서 편하고 정갈하고 깔끔합니다~
51,기념일에 방문했는데 저녁이라 그런지 사람이 너무많아서 불도 몇번이나 말씀드려야 넣어주시고 고기 구워주시다 다른 테이블에서 고기 안구워주냐고 컴플레인 하면 또 거기가서 한참있다 오시고 우리보고 구우라고 차라리 말이라도 하던가 아무런 말도 없이 고기 태워서 아주아주 굉장히 불만족스럽고 기분 안 좋은 기념일이었습니다.
52,진짜 맛있고 입에서 녹습니다 소갈비인줄 몰랐어요ㅋ
53,근처 덕수궁 산책하고 오기 너무 좋습니다.분위기도 차분하고서빙해주시는 직원분들도 모두 친절하시고 밝으셔서 에너지를 받고가요~고기는 입에 넣자마자입틀막 입니다...무조건 생고기 드시고 양념으로 넘어가시구요하이볼은 필수입니다...♡
54,"네이버예약 제외하면 6번 방문같아요고기는 항상 양념소갈비먹는데 맛있어요.아이들도 너무 잘먹고, 부드럽고 짜지않구요오늘 구워주신 직원분 너무 칭찬드리고싶어요차분하게 양념이라 타기 쉬운데도 잘 구워주시고편안하게 식사하도록 배려해주시는 태도에너무 감동받고 감사했어요! 아이들은 저희가 따로 집게/가위달라고해서조금 더 익혀서 따로 작게 잘라주는데금방 캐치하시고 아이들도 챙겨주시고센스도 좋으셨어요. 다음에도 또 뵈면 좋겠네요! "
55,항상먹는 벽돌갈비 최고에요! 밑반찬훌륭해요
56,매장이 넓고 깨끗해서 데이트하기 너무 좋았어요직원분들도 너무 친절하시고 고기구워주시는분이 너무 이쁘셨어요 ㅎㅎㅎㅎ
57,할머님 다리가 불편하셔서 1층에 앉으면 안되냐하니전체 예약석이라하셔서 2층까지 한쪽발로 올라가시고 내려가셨어요.(식사 2시간 가량 마친 후 내려와보니 아예 사람이없었어요그냥 아예 1층 자리 안받으시는듯)뭐든 주문을하면 너무 늦게나오고 사람 3명인데 부침개 두조각물 1개 반찬도 한쪽으로만 되어있고 고기는 벽돌 3인분 돼지 2인분 시켰는데벽돌갈비만 구워주시는듯해요직원호출해도 직원들끼리 얘기하시느라 바쁘시더라고요재방문 의사는 없어요
58,너무 맛있네여 고기도 부드럽고ㅎㅎ 저녁 회식으로 딱입니다
59,고기도 직접 구워주시고 직원분들 응대도 너무 친절하고 좋았어요! 매장이 커서 단체회식하기도 좋아보야요!! 재방문 의사 있습니다~
60,"고기가 맛있고, 쾌적하고 넓어서 모임하기 좋아요!"
61,갈비 부드럽고 너무 맛있어요😍  자리도 쾌적하고 친절하게 좋습니다. 재방문 필수네요~^^
62,소중한 기념일에 정말 멋진 시간을 보냈습니다.갈비가 정말 부드럽고 맛있어요!
63,직원분들 친절하고 음식이  빠르게 준비되요.  갈비는 맛있는데  기름부분이 좀 많은것이 흠..전체적으로 만족합니다
64,"속상해서 글남깁니다.부모님 생신이셔서 시청인근 고기집찾다가 예약 했는데룸이 다 차서 창가쪽으로예약 해주신다길래 한시름 놓았는데1. 정중앙에 자리 잡아주시고는 창가쪽이라고 하셨어요.당황.2. 여직원분들 충분히 묶을수 있는 머리를  풀어헤치거나, 대충 헐렁 묶으시고 고기 구워주시는데 머리카락 떨어질것같고 조마조마했어요3. 음료 주문했는데 계속 갖다주시지않고 모든 직원들이 다른 테이블 셋팅만 준비하고 계셨어요. 이미 온 손님은 신경을 안쓰시는건지 이해가 안갔습니다.4. 판 바꾸시다가 숯을 바닥에 떨어트리셨고 당황하시면서 판도 떨어뜨리시고.고기 집게로 숯을 집으시고..그 광경보신 이후 부모님께선 고기에 손도 못대심.5. 테이블에 물도없고 김치전도 기본셋팅안돼있어서 달라고했더니 추가금붙는다고 잘못안내"
65,인테리어 가게 분위기도 고급스럽고 티오더 테블릿으러 주문할 수 있어서 좋은 것 같아요 밑반찬도 다양하고 맛있어요!
66,월가갈비 좋아요직원분들이 친절해요음식이 맛있습니다~~^^맛있게 잘먹었던 날입니다감사합니다~~^^
67,고기를 정말 잘구워주시고 정말 부드러워서 깜짝놀랐네요 앞으로 가족식사는 여기서 할 것 같아요
68,전에 지인이 사준 점심에 맛있어서 자녀둘을 데리고 파주에서 출발해서 방문하였어요.매장넓어서 좋았고요.직원들이 차분하고 친절해서 좋았어요.적접 커팅해주시니 편하고 맛있었습니다.2층은 대화하기가 참 좋은공간이었어요.  시그니처인 벽돌갈비는 기름이 너무많아서  느끼했어요.그  가격으로 벽돌갈비  먹기에는 그냥 그랬습니다. 차라리 꼼장어가 더 나을것 같아요.벽돌갈비는 좀 실망 스러웠습니다.그렇지만 양념소갈비는 정말 맛있었습니다. 야들야들 전혀 질기지않고 입안에서 녹아요.저는 생갈비 파 라서 양념 안먹는데  이곳은 양념이 맛있더라고요그리고 오미자하이볼. 예약상품 1개 맛보고 맛있어서  1개자비추가했어요.비싸지만 맛있었어요
69,음식도 맛있고 고기도 잘 구워주시고 서비스에도 만족한 식사였어요
70,최애 소고기집! 맛있게 먹고 갑니다 ㅎㅎ
71,동료들과 점심회식 왔다가 음식맛이며 고기질이며 서비스까지 이렇게 완벽할수가 없어요.점식특선 벽돌갈비 너무 맛있게 먹었습니다.오미자하이볼 완전강추요.기분쵝오♡♡
72,"남자친구가 예약하고 데려갔는데 반찬도 정갈하게 잘 나오고, 벽돌갈비도 넘 맛있었어요! 매장도 넓고, 2~3층까지 있다고 하는데 윗층은 대기가 있을 수도 있으니 미리 전화해보고 가세요."
73,고기가 정말 신선하고 맛있는 집이였습니다. 점심에 직장인 분들 식사하고도 딱인 곳이구요. 나중엔 가족 모임있으면 예약하고 재방문해보려합니다.
74,엄마 모시고 다녀왔어요  궁나들이갔다가 들렀는데 맛있어요 2층 창가 강추요. 볶음밥까지 다 맛나요 백김치도 예술이구요.
75,월가벽돌갈비 추천입니다 이 집만의 특별한 소스? 장이 있는데 그걸 얹어먹으니 입안에서 풍미가 확 도네요!! 직원분들도 매우 친절하세요^^
76,데스크에서부터 직원분이 활기찬 미소로 반겨주셔서 처음부터 기분이 좋아지고 벽돌갈비 컨셉도 신기한데 맛까지 있고 월가갈비만의 3종소스가 그 고기 맛을 한층 더 좋게 해주어서 더 맛있게 먹었습니다. 또 숙주볶음이 서비스로 나와 고기를 먹는 내내 질리지 않았습니다 또 매장도 넓어서 단체로 오는것도 강추!! 완전 제 인생 고깃집 한번쯤 가보시는거 적극 추천 드립니다!!
77,지인 추천으로 예약방문.  불고기정식과 육회비빔밥 먹음 딱히 기억될만한 맛은 아님.  단체 모임하기엔 괜찮을듯~개인적으로 또 바운하지는 않을꺼 같네요
78,"점심 돼 갈비 후기. 갈비랑 반찬 맛있지만 김치랑 비냉은 좀 많이 짠 편. 직원이 너무 부족한듯. 뭐 하나 요청해도 한참 걸려서 2번,3번 말해야 해결. 숯불이 금방 약해져서 2번이나 중간에 빼서 다시 달궈옴🤨 숯불 가져가서 10분동안 방치되고.. 점장님인지 사장님인지 사과도 하시고 서비스도 주셨기도 하고 '그래, 점심시간이니 이해하자' 했는데 불판갈아달라는 요청에 직원이 노려봄. 일행 모두 당황😑 반찬 갖다 달라해도 까먹고.. 한번에 서빙된게 없었던 1시간. 직장인 상대로 영업하시려면 서비스  개선이 반드시 필요할거 같습니다 :( "
79,"잘먹고 환갑행사 잘 치렀습니다. 재방문이었습니다.첫방문 때 서비스도 서비스지만,갈비 3+1행사에 주차지원에 리뷰 작성 하이볼까지 얻어가는 것이 많아서 만족감이 컸던 것 같습니다.어제 아버지 환갑기념으로 식사를 했는데, 이는 한달 전에 예약해둔 것입니다.어제 방문 전 네이버 통해 확인하니 예약하고 방문까지 그 한달사이에 3+1행사가 돼지갈비(예약자만 가능한 듯)로만 축소돼 보였습니다. 그런데 당일식사에서는 현장 혼선인지 누구는 3+1행사가 5시까지만 된다고 했다가 누구는 3+1행사가 더는 없다고 하고.. 결과적으로 벽돌갈비에 돼지갈비에 모두 이벤트없이 식사했고 주차비는 지원받았지만, 지금 리뷰를 남기는 플레이스에는 또 돼지갈비는 주말 예약자는 3+1이 된다고 써있으니 찜찜한 맘을 지우기 어렵네요.."
80,고기가 맛있어요! 비빔냉면 강추
81,시청역 소갈비 맛집🌟 매장도 청결하고 직원분들도 친절하셔서 꼭 추천합니다! 
82,"일단 고기가 너무 맛있고 부드러움. 전체적으로 고급스럽고 반찬도 정갈합니다. 직원분들도 너무 친절하시고 고기도 맛있게 잘 구워주셔서 근사한 저녁 보내고 갑니다. 가격대비 고기 질이 너무 좋아서 시청 근처에서 식사, 회식하실 때 강추합니다^^"
83,강남에서 이거먹으로 가끔와요 강남에 괜히 비싸게 고기먹지말고 여기서 드세요  주말엔 한가한편이라 조용한 식사 가능합니다  물론 맛도 있고 기본반찬 훌륭이요
84,갈비가 엄청 맛있어요!!고기도 구워줘서 편하게 먹을 수 있고반찬도 많아서 너무 좋습니다ㅎㅎ
85,너무 맛있어요직원분들이 고기를 잘 구워주셔서 편하게 먹었습니다!홍벽갈비가 제일 맛있어요!!
86,부모남과 왔는데.고기. 너무맛있다고 좋아하세요작접구워주셔서. 편안하게 식사했습니다반찬들도. 너무. 맛있고 깔끔합니다강추해요
87,고기가 너무 부드럽고 맛있어요!고기도 너무 잘 구워주시고 너무너무너무 친절하십니다!
88,고기 질이 정말 좋고 맛나게 잘 구워 주세요. 늦은 시간에 갔는데도 친절히 서비스해 주셔서 좋았습니다. 또 방문할꺼 같습니다.
89,"고풍스러운 인테리어에 한번,정갈한 상차림에 두번,,제주 흑돼지 스페샬 풍미에 세번,,,벽돌갈비의 솜사탕같은 부드러운 식감에,,,,소중한 사람과 정성스러운 한끼가 생각날 때면앞으로 월가갈비 서울시청본점 문 두드릴게요❤"
90,직원분들도 친절하시고 3층에서 먹었는데 뷰가 좋네요 
91,너무 맛있고 서비스도 친절해요!😍
92,"고기도 너무 신선하고 맛있었어요👍생일이라 맛난거 먹으러 나온건데 너무 행복하고 만족스럽게 먹고갑니다😍 반찬도 정갈하고 맛있고, 고기랑 합도 잘 어우러져서 너무 만족스러운 저녁이였어요!!👏👏부족한 반찬 더 요청드려도 직원분들 귀찮은 내색없이 너무 친절하셔서 극I인 저한테 너무 감사했던 식당이였습니다!😆다음에 서울 올 일이있다면 꼭 다시한번 오고싶은 곳이에요완전 만족👍👍👍👍👍"
93,지인분들과 방문했는데 고기도 잘 구워주시고 맛있어서 만족하고 갑니다.
94,생갈비가 먹고 싶어 왔는데 매장이 깔끔하고 구워주셔서 편히 잘 먹고 왔어요ㅎㅎ 서비스가 좋습니다 갈비짱짱
95,기존의 매장이 없어지고 새로 생기고는 처음 갔는데요 고깃집의 점심메뉴로 갈비탕 있어서 먹었어요 시청쪽 갈비탕 가격은 비슷하고 갈비도 넉넉히 있는데 저는 조금 질기고 그리고 고기가 잡내가 나서..국물은 좋았어요..반찬도 종류가 많고 정갈한데요 간이 쎌수 있어요 그치만 같이 먹은 동료는 나쁘지 않았다고 하니깐 케이스바이 케이스인듯요
96,돼지갈비 맛있게 먹었어요. 친절하고. 재방문 의사 충분히 있습니다.
97,고기 너무 맛있게 구워주시고 너무 맛있어요
98,안정된 편안함이 느껴지는 친절한 서비스가 좋아요자극적이지 않고 맛도 있어요
99,"직장동료와 점심 먹으러 왓슴  오미자하이볼 강추 갈비 맛집,비냉맛집~^^"
100,"홍벽갈비 맛있고 밑반찬도 깔끔, 특히 소고기무국과동치미가 좋다. 하이볼 추천. 직원들 서비스는 사람마다 차이가 남"
101,부부동반 모임으로 방문했는데 분위기도 고급스럽고 소갈비 정말 부드러워요~♡♡♡모임장소로 완전 강추합니다
102,한달에 한 번 월가갈비 꼭 방문하는데 와인이 있는걸 몰랐다가 분위기낼 겸 주문했는데 너무 맛있게먹고 가서 추천 드릴려고 리뷰 남깁니다!!
103,직원이 고기를 구워주시는데 편하네요. 대표메뉴 홍벽갈비+벽돌 갈비는 그냥 그랬어요. 고기는 부드러웠는데.. 힘줄부위만 골라 먹어서 그랬는지.. 먹다가 뱉은게 더 많았고 양념갈비랑 볶음밥 시켜먹은게 제일 맛있었네요. 고급스러운 고깃집 분위기지만 옆테이블 간격이 붙어있어서 옆손님들이랑 눈이 잘 마주침. 사진과 같이 고기랑 어울려 먹을 수 있는 반찬 세팅이 잘 되어있어 부족함은 없었습니다~ 
104,저희 회사 11명이라 단체 가능한곳으로 알아보고 갔는데 고기질도 좋고 잘구워주셔서 편히 잘먹고왔습니다.
105,고기도 맛있고 직원분들이 너무 친절하세요매장도 넓어서 회식하기도 좋은거같아요
106,"별도 룸이 아니라 좀 아쉬웠지만, 접근성 좋은 위치도 좋았고, 매장 내부도 깔끔했어요.고기도 맛있었습니다.재방문 의사 있어요."
107,고기가 입에서 녹네요 좋은시간 보내고 왔습니다. 맛있게 잘 먹었습니다.
108,고기 질이 너무 좋고 매장도 쾌적해요!!! 직원분들도 친절하셔서 기분 좋게 부모님이랑 맛있게 먹고 가요 ♥️ 반찬 구성도 푸짐해요 ✨✨강츄합니당
109,고기 맛있고 곁들임으로 나오는 반찬도 엄청 맛나네요 오랜만에 친구들 모임장소로 예약했는데 다들 만족하네요..
110,고기 질 좋고 완전 맛있어요!!!
111,"벽돌갈비와 핑크솔트, 그리고 오미자 하이볼.. 입에서 샤르르 녹는다는게 이런것!진짜 반백살 넘어 첨 먹는 맛입니다.외국인 손님 접대가 필요하신분! 요기로 오세용"
112,"가족들과 갔는데 아이에게 친절하고 깨끗합니다아기의자도 있고 식기도 있어요고기도 맛있었습니다소고기는 구워주시는데, 돼지고기는 직접 구워야해요"
113,음식이 맛있어요 식당도 깔끔하고 깨끗합니다
114,고기도 맛있고 직원들도 친철합니다처음 방문이었는데 재방문 의사 있음
115,"쾌적한 공간이고 고기가 신선합니다. 직접 구워주셔서 이야기 나누기 좋고, 하이볼도 기본부터 논알콜까지 다양해서 모두 즐겁게 먹을 수 있는 곳입니다."
116,
117,고기가 정말 너무 맛있어요. 소금없이 먼저 먹어보라셔서 먹었는데 고기본연의 맛 자체가 기가막히네요!친구들과 모임에 온 곳인데 모임하기에도 좋고 직원분들도 너무너무 친절하세요!!
118,생일겸 친구들이랑 갔는데월가갈비 진짜 맛있어요.고기가 어찌 부드러운지!3명이가 세트 하나 시키고 배불렀네요더 못먹은게 아쉬울 정도로 고기가 맛있어요!!밑반찬도 맛있고 친절하시고 분위기는 쾌적해요!만족했어요!!
119,저희 10분 넘게 검색하다가 여기로 찾아왔는데 진짜 친절하시고 일일히 설명해주시는게 감사했어요 ㅜㅠ 진상 손님도 있었어서 기분 안 좋으셨을텐데 친절하게 대해주시는거 보고 다음에 또 와야겠다 생각했습니다!! 대신에 예약 필수인 것 같아요..ㅎㅎ 사람이 넘쳐나더라구여!
120,반찬도 잘나오고 맛있고 고기도 맛있어요공간이 단체모임 하기 좋아보여요
121,소고기무국 맛있어요!
122,처음 방문한 곳인데 매장이 넓고 나중에 부모님이랑 같이 와도 좋을거 깉아요! 그리고 여기는 직원분이 고기가 다 익을때까지 구워주셔서 편하게 먹을 수 있어서 좋았어요❤️❤️다음에도 한번 더 방문해야겠어요😘😘
123,오랜만에 찐맛집 왔다갑니다~!
124,서울3대 갈비라고 해서 왔는데 진짜네요. 너무 맛있게 먹고 갑니다~
125,음식이 정갈하고 맛도 매우 좋습니다.외국인 비지니스 접대에도 훌륭한 식당이라 생각합니다.
126,시그니처 벽돌갈비 맛있어요🤤룸으로 예약했는데 조용하니 모임라기 좋구요 밑반찬도 맛있었습니다 :)
127,벽돌갈비가 진짜 맛있습니다. 직원분들도 너무 친절하고 고기도 구워주셔서 편하게 잘 먹었습니다.
128,고기도 너무 맛있고 메뉴가 다양해서 좋아용!!
129,반찬도 다양하게 나오고 고기도 너무 맛있어요~!!
130,"시청역에서 회식하거나 데이트할 고깃집 찾는다면 무조건 추천하는 곳! 여기 골랐더니 센스있다고 칭찬받았어요ㅋㅋ내부 분위기도 고급지고 이쁜데 좌석도 넓은 편이라 여러명이서 가기 좋아요 고기는 하나하나 다 구워주시고 직원분들도 친절하셔서 갈때마다 기분이 좋더라구요 점심에 육회비빔밥같은 메뉴도 있고 저녁에 가면 la갈비크림파스타, 깍두기볶음밥이 있는데 진챠 여기 사이드 존맛탱,, 전 데이트코스로 보통 고기집 추천 안하는데 여기는 분위기도 좋구 여자친구도 좋아할 특색있는 메뉴가 많아서 추천드립니다! "
131,또 가야겠다는 생각을 했네용2층에서 먹었는데 여자 사장님 매우 친절합니다고기도 맛있게 구워주셔서 최고정말 맛있게 먹었습니다
132,지원께서 매우 친절하십니다.
133,고기가 너무 부드럽고 맛있었어요^^ 남편도 너무 맛있다 극찬이네요ㅋㅋ재방문의사 200% 입니다
134,가족들이랑 tv방송보고 방문했어요.나중에 친구들과 좋은 일 기념하기 좋은 장소 같아요.
135,맛있고 넓습니다직원들도 친절하세요
136,진심 여기 제육 원탑임 정말 맛있음..
137,벽돌갈비가 입에서 살살녹습니다.무국이 진국입니다.아주대만족입니다.다시 올게요
138,4년만에. 만난 우리인연넘 좋은곳에서 맛난고기 먹으니 더좋네요고기를 잘 못굽는데구워주니 더좋공음식이 정갈하고 맛있어요
139,소고기랑 돼지고기 둘다 맛있어요!가족 외식으로 추천합니다 ^^
140,"지나가다 들렀는데 음식도 맛있고, 매장도 쾌적하고, 무엇보다 직원분들이 너무 친절하세요! 없는갈 요청드렸는데 가능하게 해주시는 센스 너무 감사했습니당! 기분좋게 식사했습니당"
141,사진에 나온 갈비만 먹을만 하고 나머지는 다 별로에요. 시그니처라는 벽돌갈비는 기름만 많고 돼지갈비는 달기만 달고 냉면도 면이 뚝뚝 끊겨요. 그리고 무엇보다 고기가 늦게나와서 음식흐름이 끊겨요. 알바를 더 쓰던지 해야지 처음에만 구워주더니 나중엔 저희가 알아서 구워먹었고요. 부모님께서 티비에서 보시고 가보고 싶어하셔서 일부러 먼곳에서 찾아갔는데 만족도 최하네요. 영수증 리뷰 이벤트에만 열을 올리는지 무슨 서비스도 된다했다 안된다했다하고 주차지원도 계산하는 직원은 모른다 하고... 암튼 50만원쓰고 이런 푸대접은 또 처음이네요!!!
142,고기가 야들야들해서 너무 맛있어요
143,고기도 맛있고 직원 분들도 암청 친절하시고 가족 모임이라 룸으로 미리 예약 하고 갔습니다 2년만에 한국 들어와서 가지는 가족 모임이었는데 다 만족 스러웠습니다 ~
144,고기와 곁들일수있는 구성도 많고 무엇보다 고기가 질이 좋습니다 재방문 의사 오백퍼
145,직원 분들이 너무너무 친절하세요! 고기도 너무너무 맛있구요.아이들 데리고 왔는데 너무너무 잘 먹고 갑니다.다음에 또 올게요♡♡
146,"인테리어가 한국적이고 예뻐요밑반찬이 깔끔하고 다양하게 나와서 좋고, 벽돌갈비 맛있고 친절한 직원분이 다 구워주셔서 편하고 맛있게 먹을수있었어요~ 크고 넓어서 모임이나 회식하기에도 좋을거같아요!"
147,월가 갈비점심 먹으러 왔어요 월가갈비 점심흑돼지 정식 +육회비빔밥 월가갈비는 고기가 맛있어서점심 메뉴도 맛있어요 반찬도 깔끔하고 좋아요 직원분들이 모두 친절하십니다
148,직원이 친절하고 고기도 맛있습니다~!!
149,너무 맛있게 먹었어요!! 직원분들 친절하고 좋아요~
150,손님 많아요꼭 예약하세요
151,아주 괜찮아요 가격도 적당합니다
152,기본 반찬도 알차게 나오고 고기도 신선해서 너무 맛있게 먹었어요 직원분들도 너무 친절하셔서 다음에 또 방문할게요!
153,맛있어요 고기 부들부들하고 양념이랑 반찬들도 맛있어요
154,이렇게 고기 구워주시는데 또 있나요.. 처음보는데. 고기질 너무 좋고 맛있어유! 다 구워주시고 불도 한쪽에 있어서 아주 편합니다. 모임하기 너무 좋은 것 같아요.
155,직원분들이 친절하시고 잘 구워주셔서 편하게 식사하고 갑니다 !
156,분위기도 좋고 고기도 정말 맛있었어요~^^소고기뭇국 나오는데 뜨겁게 먹을수있게 데워줘서 먹기좋았어요~ 지인 약속 있으면 담에 또 이용할거같습니다! 좋은 시간 보내고 감니다^^
157,고기 질 좋고 사장님 친절하세요!
158,"한국 전통적인 미가 느껴지는 인테리어에 격식있는 모임 장소로 참 제격이겠다 싶은 곳이에요. 고기 퀄리티, 음식 맛, 서비스, 분위기 뭐하나 빠질 것이 없구요! 특히 벽돌갈비 참 고소하고 육즙 터지는 부드러운 식감에 감탄했습니다. 함께 나오는 반찬도 정말 잘 어울리고 이색적이에요. 시금치 장아찌, 표고와사비, 올리브페스토 모두 참 맛있게 먹었어요!!!"
159,고기 야들야들하고 맛있어요~
160,고기가 정말 맛있었습니다!자리도 넓어서 단체 모임하기 좋네요!
161,고기가 질기지 않고 맛있네요!!! 가격에 비해 나오는 양도 많구요:) 뷰도 너무 좋아서 잘 먹고 갑니다!!!
162,음식이맛나고 청결하고 다좋았으나 서빙이 늦는다는 점이 흠 입니다
163,소불고기전골이랑 김치찌개전골 점심으로 시켰어요~~맛있고 양도 푸짐해용!!
164,고기 맛있고 직원분들 친절하셔요^^
165,친구들이랑 오랜만에 모임하는데 갈비 너무 맛있게 먹었어요 매장도 넓고 깔끔하고 직접 구워주셔서 친구들이랑 편하게 모임했습니다!!👏🏻👏🏻👏🏻
166,분위기좋고 직접 구워줘서 좋음단 보통의 일반식당도 컵은 가져다주는데 여긴 밑에 있는 컵 접시 다꺼내야하고 물은 4명인데 500미리 물 미리 꺼내져있고 밑빈찬이 미리 식탁에 올려져있어서 다시 갈지는 미지수. 
167,딸아이와 호캉스 왔다가 들린  곳인데 너무 맛있어서 두번째 방문 입니다~ 역시 최고 입니다
168,고기가 야들야들하고 너무 맛있어요!!친절하게 잘 구워주셔서 모임으로 오기 좋아요 :)
169,고기가 너무 맛있고.  친절하고 잘 구워주셔서 편히 먹을수 있었어요^^
170,고기랑 냉면세트가 있어서 좋아요!
171,예약하고 방문했어요!직원분들도 친절하시고 다 구워주셔서 데이트 하기에 너무 좋았습니다!고기도 아주 맛있고 부드러워요!!!! 강츄합니다♥️
172,두번째 방문 오늘도 회식으로 방문했는데 역시 고기 맛있고 친절하고 너무 좋아요
173,진짜 자리도 너무 좋았고 예약해서 가서 웨이팅없이 바로 들갔어요 ㅎㅎ 같이 간 분들 모두 너므 만족하시고 행복하게 먹고왔습니다!
174,맛있어요 친절해요 또 올게요~~
175,넓구 친절해서 고기도 다 구워주셔서 시청역에서 회식하기 좋아요!ㅎㅎㅎ맛있게 잘 먹었습니다!
176,서울시청 근처 맛집을 찾다가 방문했는데 만족스럽게 먹고 왔어요. 벽돌갈비는 처음이였는데 고기도 두툼하고 맛있었어요. 양념갈비도 야들야들하니 맛있더라고요. 밑반찬들도 고기랑 잘 어울리고 특이한 반찬들이 많아서 좋았어요. 특히 표고와사비와 고기랑 잘 어울리더라고요. 분위기도 좋고 매장도 커서 단체로오기에도 괜찮은곳같아요!
177,괜찮았어요
178,벽돌갈비 양념갈비 물냉면 다 맛있어요!!벽돌갈비는 양이 좀 적긴한데 반찬도 잘나오고 특히 찍어먹는 소스도 맛있어요ㅎㅎ 양념갈비는 돼지인데도 엄청 부드러웟어요구워주시는 직원분도 친절햇습니당ㅎㅎ 담에 또 방문할게요!
179,ㅎ히식 하러ㅠ왔는데 매장부터 놀라도 인태리어에 놀라고 맛에 놀라고갑니다 맛도 맛이고 이렇게 맛있는 은식점 처음입니다 다음 재방문 100%
180,진짜 개 맛잇습니다!! 강추 강추~ 가게 일하는 직원들과 식사했는데 너무 맛잇네요~ 가격도 고기질과 분위기등 전부 만족스럽습니다 오랜만에 맛있는 한끼 했네용~
181,가족모임 맛있게 먹고 즐거운시간보냈어요 벽돌갈비 추천!!
182,고기가 신선하고 아주 맛있아요! 고기 굽기도 너무 적당하고 입에 들어가자마자 사르르 녹아요…분명히 있었는데 없어졋…고기만 먹으면 질릴수도 있는데 주변 사이드 메뉴도 엄청 다양하고 찍어먹는 소스?도 6종류나 나와서 끝까지 질리지 않게 먹었어요! 매장도 엄청 넓고 깨끗해서 가족모임이나 친구들 단체모임 하기도 좋을거같구 고기도 초반에 구워주셔서 편하게 먹을 수 있을거 같아요 ❤️ 직원분들도 다 너무 친절하셔서 완벽했던 식사였어요 :)
183,너무맛있어서 급하게 먹으라 ;;사진을못찍었네요~~갈비가 정말맛있어요~
184,직원분들이 친절하시고 고기가 좋아요 
185,가게를 들어가자마자 깔끔하고 넓어서 놀랐고 반찬이 너무많아서 반찬으로 배채울정도에요 고기도 씹자마자 녹고 직원분들 다이쁘고 잘생기고 착해용 다음에 또오고싶네용❤️❤️❤️
186,벽돌갈비가 유명하고 맛있다고 하여방문했는데 정말 너무 맛있고 직접 구워주셔서너무 맛있게 먹고 가요!!!밑반찬들고 너무 맛있네요!강추합니다~또 시청에 오면 다시 방문하려구요!
187,고기구워 주셔서 편해요. 깔끔
188,친구등과 방문했어요 맛있어요
189,정말 첫맛을 잊지못할정도로 맛있어요~!!다음에또 오고싶습니다!!♡♡:)
190,"서울여행으로 첫 방문!친절하시고, 무엇보다 고기를 구워주셔서 좋네용😍"
191,고기 맛있게 잘 먹었습니다
192,고기가 살살 녹네요. .또 올거예요!!!!물냉 된장찌개도 진짜 너무 맛있어요. 고기 살살 녹구여!!! 부모님도 좋아하세요. 행복 그 자체. 엄마가 행복하시대요
193,아이들과함께 너무 맛있게 잘먹었습니다
194,고기 정말 부드럽고 잘 구워주셔서 맛있게 먹었습니다!!! 자주 올 것 같아요!
195,소갈비도 퀄리티에 대비 가격도 좋고 직원분들도 너무 친절하십니다. 고기도 직접구워주시고 사이드로 나오는 것들도 삼삼하니 맛있고 좋아요!다시 또 좋은날에 방문하고싶습니다~
196,기본 찬과 고기 질이 미쳣슴니다 서비스 숙주도 너무 맛있어요!
197,"부모님와 함께 방문했습니다.가게는 크고 넓고 깨끗했습니다.반찬셋팅도 좋았고 다양한 소스와 자리에서 바로 주문가능한것도 굿! 돼지갈비를 먹었는데, 많이 달지않고 양념이 맛있더라구요~ 고기도 친절하게 다 구워주셔서 편히 먹었습니다. 그리고 육회도 신선하고 맛있더라구요. 된장찌개도 큰 뚝배기에 나와서 좋앆습니다. 재방문의사 100프로 입니다."
198,고기도 맛있고 반찬 하나하나 다 정말 맛있네요.가게도 깔끔해서 손님 모시고오기 좋을거같아요.
199,이거 뭐 네이버 리뷰는 이벤트.먹기 위한 꼼수라고 보시면 됩니다.음식 먹기 점에 가짜 영수증 갔다주며 리뷰 작성해달라네요아니 먹어봐야 맛을 알지.ㅜㅜ실제 리뷰1.  분위기가 엄청 어수선하다2. 일하는 직원 분들의 숙련도가 너무 낮다3. 음식 서빙 속도가 느림. 고기를 시켜도 기본 10분 이상. 먹다가 음식 끊겨서 기분 상함4. 고기의 퀄리티는 중하 수준5. 냉면은 그냥 안 시키는걸로. CJ냉면이 훨씬 맛있음부모님 모시고 간건데 먹고 나오는데 민망함 ㅜㅜ두번 다시는 안 갈 가게임
200,늘 친절한 점장님 직원들 고맙습니다
201,고기를 다 구워주시니까 너무 편하고 제일비싼걸로 먹었는데 역시 육즙이 짱이었습니다 소고기최고 월가갈비최고에용
202,자리도 넓고 곁들여 먹을 반찬들도 많아서 너무 좋아요직원분들도 너무 친절하고 고기도 너무 맛있었어요~~
203,"매장이 깔끔하고 고급져용 안먹어도 벌써 맛있어보이고고기질도 좋고 맛좋아요!! 데이트장소로 굳,,, 담에도 또 올게용"
204,홍벽갈비인가 큰 갈비 시켰어요. 부드럽고 맛있게 먹었습니다. 반찬으로 나오는 뭇국이 맛있어요.
205,"생일기념 으로 왔어요서비스도 좋고 네이버예약으로 왔는데 콜키지쿠폰받아서 넘 좋네요! 고기 맛나고 직원분의 센스,친절도가 정말 좋았습니다. 재방문 하고 싶어요. 😀"
206,식사먹으러왔는데 깔끔하고 좋아요~
207,친절하고 맛있어서 좋았어요 ㅎ서울 여행 또 오면 올게요!
208,리뷰만 보면서 언젠가 먹으러가야지 생각만하다 결국 오늘 방문하게되었네요 물론 제가 결제하지않아서 더 맛있었던거 같아요 직원분들도 친절하시고 벽돌갈비 굉장히 맛있어요~
209,맛있습니다 고기가  최고예요
210,고기 질이 너무 좋고 맛있어요 직원 븐들도 너무 친절하셔서 가족들과 함께 맛있게 식사하고 왔어요 다음에 또 찾아올 예정입니다>< 번창하세요
211,고기도 구워주시고 너무 친절하시고 맛있었습니다~
212,월가 갈비...시청 호텔프라자 뒤편에 맛집이 있을줄이야!서울은 가끔 오지만 다시가고픈 맛집 찾기란 쉽지 않은데오늘은 대성공 시간이 없어 일찍 가지만 다음엔 날 잡아서다시 방문 해야겠네요...고기맛 좋고 직원분들 넘친절 합니다 
213,"이게 소고기구나…라는 말이 절로 나옵니다.. 너무 맛있어요 처음 와봤는데 앞으로 단골 될 것 같습니다. 직원분이 고기 다 구워주셔서 먹기도 너무 편해용..ʚ♥ɞ 사이드도 육회 냉면 파스타 다양하게 먹어봤는데 하나도 빠짐 없이 다 너무 맛있어요… 백종원이 와도 극찬하고 갈 집!! ㅋㅋㅋ 둘이 먹다 하나 죽어도 모를것 같아요 서비스도, 맛도, 양도, 질도 다 베스트입니댜앙 담에 또 오겟습니다 잘먹엇어용!!! 🫶🏻"
214,It is great place to eat 갈비 near by cityhall areaI enjoyed it 
215,여자친구랑 고기 먹으러왔는데 고기가 굉장히 부드럽고 맛있네요. 친절하시고 고기고 직접 구워주셔서 감사했습니다~ 잘먹었습니다~
216,소문듣고 왔는데 맛있게 잘 먹었습니다. 고기도 맛있고 양도 많고 깔끔하고 즐겁고 만족 스러워요! 또 먹으러 올게요!!
217,친구들과 함께한 저녁식사!분위기도 고전적이고 한옥에서 식사하는 느낌에 너무 좋았어요!!고기도 입에 넣는 순간 부드럽게 녹아내려요!!저기 사진에 보이는 유자 연근? 진짜 맛있어요!!대박나세요 사장님🫶
218,분위기도 좋고 너무너무 맛있습니다:)다음에 가족 모임하면 또 올 거 같아요잘먹었늡니다:)
219,직원분들도 친절 하시고 가게 분위기랑 고기 맛도 좋았습니다 ㅎㅎ 
220,맛있어요 깔끔하고 직접 구워주셔서 편하게 먹었어요
221,고급스럽고 맛있어요ㅠㅠ 직접 구워주셔서 너무 편하고 타지않게 먹을수있습니다김치찌개 추가했는데 깊은맛이라 더욱 맛있게느껴지네요☺️ 추천합니다
222,인천에서 왔는데 고기가 너무 맛있어요고기도 다 구워주시고 좋은 추억 만들고 갑니다!!!
223,고기가 맛있어요함께 먹는 바질페스토와 소고기무국도 맛있습니다
224,인테리어도 좋고 좋은 날 좋은 식사하러 오기 너무 좋아요! 고기도 굿
225,직원분들 친절해서 좋아요 그리고 구워주시니 더 맛있는 거 같아요! 반찬 다 두루두루 맛있고 고기에 찍어먹는 소스도 맛있어요묵은지 크흐 👍
226,첫방문 맛있어요
227,부모님이랑 왔는데 친절하게 잘 구워주시고 너무 맛있어요!!🤎
228,고기의 질도 너무 좋고 맛있었어요 양도 많아서 배부르게 먹다가 갑니다~~! 다음에 시청 쪽 올 일 생기면 또 방문할 것 같아요
229,분위기도 좋고 너무 맛있어요🤭🤭🤭🤭
230,
231,매번 맛있게 찾아먹고 있는 곳 ♥︎
232,고기맛이 끝내줘요.부드럽고 살살녹아요.친절하고 쾌적해서 넘조아요가족모임  원픽이에요
233,시청역에서 귀한 분과 함께 찾은 고기맛집.귀한 분과 함께 하기에 더할 나위 없이 멋진 곳!맛도 멋도 분위기도. 그리고 진짜 서비스를 경험할 수 있는 곳. 바로 월가갈비입니다~!
234,인스타에서 보고 방문하게 되었는데 보이는 만큼 진짜 맛있었어요! 벽돌갈비는 무조건 사키시고 뼈고기와 비빔냉면 된찌 꼭 시키세용 재방문 의사 있습니다! 황제갈비도 단품으로 먹었눈데 비냉이랑 조합너무 좋았어요!!맛있게 먹었습니다!!
235,친절하시고 매장도 깨끗하고 고기 맛있습니다~~~
236,월가갈비 매장의 메인 고기인 벽돌갈비를 먹었습니다.함께 간 지인들도 좋아했구요. 추천받아서 다녀왔는데돈 아깝지 않아요. 너무 맛있고 훌륭해요.  서비스도 좋아구요. 고마워요. 다음에 또 갈게요.
237,"사진은 없는데 친절하시고 고기도 구워주시고 외국인 손님들이 많아 아이도 좋아하고 여러모로 참 좋았어요 예약하고 쿠폰쓰면 하이볼도 주시는데 정말 맛있었어요! 주차는 안되나, 건너편 한화 빌딩에 주차하면 어느정도 지원됩니다 ! 맛있어요 리뷰 잘 안남기는데 아이랑 가신다고하면 소고기뭇국에 밥 말아주니 좋아하더라구요 (20개월 입니다!청양고추가 들어가 있긴한데 맵지않아요. 그래도 걱정되시면 주문 전 미리 빼달라고 하시면 더욱 좋을 것 같아요) 아기의자도 있어요^^"
238,점심먹으러 왔는데 인테리어도 멋있고 맛도 좋아용!!추천합니다
239,고기 질이 좋고 맛있어요~!!!!!!
240,부모님 모시고 먹기 진짜 좋았어요 공간도 쾌적하고 맛있어요
241,고기 질이 눈으로 봐도 너무 좋은데 직접 구워주시기까지 해주셔서 맛있게 먹었습니다 !! 가족모임하기 정말 좋은 장소 같아요. 서비스가 좋아서 분위기 좋게 편하게 식사하고 나올 수 있었습니다 ! 편안한 가족모임 장소로 추천!!!
242,맛있게 잘 먹었습니다~!특히 냉면 맛집!!
243,직접잘구워즈시고 친절 하세요!
244,고기 질이 왕좋아용잡내안나서 좋고 매장이 쾌적해서 좋아욥 잘 묵다 갑니다 ~_~
245,맛있어요.가족 모임 좋네요.
246,고기가 너무 너무 맛있었고 직원분들이 친절하셨습니다.
247,"친구들과 급 벙개로 들어왔는데 문옆이긴 했지만 마지막 하나 남은 자리에 운좋게 앉았어요~ 고급스런 맛이였고, 굉장히 친절하셨어요!"
248,"네이버 예약으로는 3번째이고 그동안 총 방문은 4번째에요. 그동안 갔던 날 중에 음악소리가 제일 컸던 것 같아요. 맞은편 앉은 남편 목소리가 안 들릴 정도였거든요. 옆테이블도 술먹어서 목소리크지, 음악소리크지 좀 아쉬웠습니다. 늘 음식은 만족하고 잘 구워주셔서 편안하게 잘먹고옵니다! 그리고 리뉴얼된 반찬과 국이 너무 마음에 들었어요~ 숙주볶음 맛있고, 소고기뭇국도 따뜻하니 좋더라구요. 아이들있으니 후추 빼드리냐고 물어봐주셔서 감사했어요! "
249,"벽돌갈비, 홍벽갈비, 육회 다 맛있었어용"
250,
251,벽돌갈비 정말 제대로 취향저격이었습니다. 감칠맛이 엄청났어요. 숯불에 잘 구워주셔서 회식이나 모임장소로 방문하기 정말 좋겠더라고요. 상차림도 푸짐해서 만족도가 정말 높았던 곳이었습니다.
252,예약 후 방문했고 친구들과 맛있는 저녁 먹었습니다. 금요일 저녁엔 사람이 많아서 조금 시끌벅적 하긴 하지만 고기는 맛은 끝내줘요! 
253,너무 손님이 많아 정신없는 분위기지만 고기는 좋았어요
254,룸이 있는 고깃집. 외빈 모시기 좋아요.
255,인테리어는 멋져요.서비스 좋아요. 숙주볶음 맛있구요 근데  중요한 고기가  맛이 별로입니다. 양념갈비먹었는데 정말 별루이고 너무 두꺼워서 그런지 부드럽지않고 진짜 속상했습니다. 그리고 소고기를 넘 오래구워주시던데 그건 정말 아니라고 생각합니다. 
256,너무 맛있습니다~~~~.
257,시청에서 매번 롯데백화점가서 먹었는데 이제는 여기로 와야겟어요 재방문의사있습니다!
258,벽돌갈비부터 소양념갈비 존맛이에여!!! 
259,재방문했어요! 벽돌갈비 물냉 된찌 진짜 맛있어요👍🏻고기질 최고입니다. 강추
260,"고기도 직접 구워주시고, 고기도 너무너무 부드럽고 맛있어요!!! 부모님도 너무 좋아하시네요 ㅎㅎ"
261,회식으로 자주 오는데 점심 저녁 아주 좋습니다~ 점심은 직접 구워먹고 저녁은 구워주세요! 하이볼도 다양하고 넘넘 맛있습니다 ㅎㅎ
262,덥고 꿉꿉한 날씨에 딱이네요!!회사동료들과 가서 맛있게 먹었어요!공간도 넓고 청결해서 담에 친구들과 고기먹으러 가야겠어요!
263,월가갈비 양도 많고 벌써 3번째 방문입니다!!돼지갈비 먹었는데 돼지갈비도 부드럽고 양 많습니다! 정갈하니 깔끔 반찬에 분위기 큰 매장까지 대접하기 좋은 곳입니다!! 개인적으로는 근데 벽돌갈비가 👍👍👍 더 맛있어요 !!!  다음엔 벽돌갈비 먹을게요😊
264,홍벽갈비 너무 맛있어요 정말 잘먹었습니다
265,룸 예약했으나 룸이 없어 홀 예약으로 변경 제일 조용한 자리 주신다더니 중간에 덩그러니. 그럴 거면 유선상으로 약속을 하지 말던가. 그냥 예약 거절하기 싫어서 우선 말만 그렇게 한듯
266,매장이 깨끗하고 멋집니다. 고기도 맛있고 직윈분들이 친절합니다 ㅎ 또 오겠습니다
267,일부러  찾게되는곳  저번보다 고기가 살짝 질겻지만갠춘
268,맛좋고 친절 굿
269,직원들이 너무 친절하고 고기를 잘 구워주세요!!
270,고기가 연하고 정말 맛있네요~
271,"깨끗하고 고기 마은 좋네요. 다만 모든고기를 구워주는게 아니고, 메뉴에 따라 구워주기도 아니기도 해서 좀 불편하네요."
272,"네이버 예약시 오미자하이볼을 주셔서 고기와 함께 먹었는데 레몬도 넣어주셨고 분위기&맛 너무 좋았어요~ 명이나물, 신김치, 백김치, 연근, 단호박감자샐러드, 잡채, 소고기무국, 파무침이 기본 세팅되고 처음 주문한 고기는 구워주십니다. 된짱찌개 추가주문했는데 정말 정말 맛있어요. 돼지갈비 3인분 먹고 추가로 제주돼지 목살 1인분 주문했고요 주말 공휴일엔 3인분 주문시 1인분이 추가로 제공되서 돼지갈비는 4인분 먹었어요. 2명 가려다 4명이 식사했는데 고기구워주신 예쁜 이모님께도 감사드려요. 아이 입맛이 까다로운데 친절하게 응대해주셔서 정말 감사드립니다. 이미 식사중에 사진을 부랴부랴 찍어서 다 담을 순 없었지만, 연중무휴고 가까운 호텔에 숙박했고 도보 5분거리였고 역에서도 접근성이 좋아요."
273,고기 진짜 맛있어요. 알바분들도 친절합니다!
274,고기도 직접 구워주시고 음식 맛도 너무 좋고 친절하셔서 다음에 꼭 또 올 거 같아요!
275,같은 고기라도 왕커서 왕맛있어요!
276,고기 진짜 부드럽고 맛있습니다!
277,고기 진짜 부드러워요 너무 맛있습니다제발 와서 드셔주세요🤟
278,근처 호텔 호캉스 하면서저녁식사 장소로 우연히 왔는데갈비 완전 맛있고 직원분이 다 구워주셔서 좋았어요.
279,맛은 괜찮은데 고기 양이 생각보다 적더라고요
280,아이들과 왔는데 맛있네요.
281,고기가 사르르 녹아요 ㅠㅠ 넘 맛있어요 주말에 3+1 행사해서 덜 부담스럽고 좋았어요 다들 친절하시구 세번째 방문이지만 다음에도 또 올게요🙂
282,친절하고 음식도 맛있어요!!
283,너무 좋아요 추천합니당 최고에요!!
284,반찬부터 고기까지 맛있네요~ 가까우면 좋았겠네요 ㅎㅎ친구와함께 추천이요
285,오랜만에 가족모임 좋은 식사 했습니다. 반찬 구성도 푸짐하고 반찬 하나 하나 다 맛있습니다. 간만에 좋은 식당 발견 했네요. 진짜 맛있습니다. 재방문 의사 있습니다
286,고기 퀄리티가 너무 좋네요
287,너무 맛있어요
288,"오늘 가족여행으로 서울 나들이 왔는데, 맛집을 알아서 너무 기분이 좋네요👍👍직원분들 진짜 친절하고 고기 맛도 진짜 맛있습니다!!!너무 맛있게 잘 먹었습니다!!!또 오고싶네요!!👍👍👍"
289,편하게 구워주셔서 좋았고 고기고 질 좋고 맛있어요 사이드 된찌도 존맛탱 앞으로 자주 올듯!!
290,월가갈비 시청점 덕분에 연말 송년회 풍성하고 기름지게 하고왔어요. 갈비는 먹자마자 사르르 녹는듯한 육즙이 정말 대박이고요 못참고 양념갈비에 돼지고기 모둠까지 먹어버렸네요 고기도 직접 구워주셔서 최상의 컨디션으로 드실수 있고요 또 볶음밥까지 드셔주시는건 필수에요!!
291,음식이 정갈해서 좋아요~
292,잘먹고갑니다. 회식.모임에 좋음.
293,굿귯 아주 마싯어뇨 ! 예약없이도 바로 입장 했어요 ~
294,직접 고기를 구워주는것은 좋아요.분위기 별로고반찬도 별로고다 광고발이었어요.
295,직원분이 친절하고 고기가 맛있어요!!
296,
297,이번달에도 방문 완료! 제 최애 고깃집!! 각종 이벤트참여 많이해서 서비스 왕창 받았어요ㅎㅎ 다음달에도 방문 예정입니다!
298,"룸도 잘 되어있고 고기도 맛있어요, 그런데 직원들 응대는 조금 미흡한 느낌이에요."
299,날씨 좋아 나들이  나왔다가   맛집검색해서 왔어요.   행사도 해서 3 +1로 양념갈비  맛있게 먹고있어요 . 
