20240611,SK하이닉스 20조 증설 투자에 장비株 '들썩'
20240611,일자리 풍부한 ‘Job City’...“주택거래 활발하고 청약경쟁률 높아”
20240611,이부진·홍라희 줄고 최태원·구광모는 늘어난 ‘이것’
20240611,"로봇·VR 작동시키는 AI 운영체제 경쟁, 모든 기기 연결하는 만능 시스템 나온다"
20240611,"""해외대학 학위 국내서 받아요""…IGC 인재양성 요람으로"
20240611,"코스피, 개인의 `사자`에 상승 마감...2,705.32P (0.15%↑)"
20240611,“답은 현장에 있다”…너도나도 해외 출장길 오르는 회장님들
20240611,올들어 170% 급등…美머크와 손잡은 ‘달리는 말’ 올라탔다 [주식 초고수는 지금]
20240611,"특징주, 롯데에너지머티리얼즈-2차전지(전고체) 테마 상승세에 5.79% ↑"
20240611,"특징주, 천보-2차전지(전고체) 테마 상승세에 5.07% ↑"
20240611,"특징주, SK아이이테크놀로지-2차전지(전고체) 테마 상승세에 6.17% ↑"
20240611,"삼성家 세 모녀 1조 줄였는데…최태원·신동빈, 이것 늘린 사연은"
20240611,"특징주, 레몬-2차전지(전고체) 테마 상승세에 14.01% ↑"
20240611,"특징주, 대주전자재료-2차전지(전고체) 테마 상승세에 19.58% ↑"
20240611,황창규·박진수…멘토링 나선 ‘경영 도사’ [스페셜리포트]
20240611,"“이재용 회장도 탄다”…성공하면 벤츠 대신 카니발, 일본車 ‘공공의 적’ 됐다 [카슐랭]"
20240610,젠슨 황의 ‘자유’ [김선걸 칼럼]
20240610,대한민국의 에너지 자립 꿈 현실화될까
20240610,"한국 CDMA기술, ICT업계 노벨상 받았다"
20240610,[매경포럼] 삼성 경영진이 전기 걱정하는 나라
20240610,"""HBM 다음은 그래픽용 D램"" 삼성·SK 차세대 메모리 경쟁"
20240610,[포토] 삼성전자 게이밍 모니터
20240610,"국세청, AI 혁신 TF 신설…연말정산도 간편상담"
20240610,"재원산업, 반도체 공정 핵심재료 잇단 국산화 삼성SDI 등 국내외 주요기업 납품"
20240610,“시리야 너만 믿는다”...WWDC24에서 애플의 반격 시작될까
20240610,"코스피 하락 마감, 2,701.17P (-0.79%↓) 운수창고, 의약품 등 하락 주도"
20240610,"“삼성·SK하이닉스, 또 피터지게 싸우네”…HBM 이어 차세대 메모리 ‘격돌’"
20240610,"HBM 납품 불씨 살아있다…초고수, 주가 하락에도 이 회사 베팅 [주식 초고수는 지금]"
20240610,CDMA 상용화 이끈 SK텔레콤…ICT 노벨상 IEEE 마일스톤 선정
20240610,“앞으로는 돈 내세요”…아이폰 디스플레이 균열 무상수리 서비스 종료
20240610,"미래에셋, ‘아시아하드웨어테크펀드’ 순자산 1000억원 돌파"
20240610,"HBM 덕에 물만난 이 회사, 배당까지 후하네…고수들 매수버튼 [주식 초고수는 지금]"
20240610,“용돈 대신 삼성전자 주식 받았어요”…미성년 주주 4년새 21배 훌쩍
20240610,“이대로 삼성전자 넘나요?”…SK하이닉스 실적 전망 ‘후끈’
20240609,삼성 공격한 ‘괴물’ 이번엔 LG전자 겨눴다…미국서 韓기업 특허 리스크
20240609,30㎞까지 울리는 '소리대포' 재개 BTS 노래 틀고 삼성 소식 전해
20240609,삼성 공격한 특허괴물 이번엔 LG전자 겨눴다
20240609,‘7만전자’에 자사주 매입 나선 삼성전자 임원들
20240609,"“돈을 복사해도 이것보다 느릴걸”...가죽점퍼 입는 이 남자, 세계 10대 갑부 눈앞"
20240609,“7만전자땐 믿고 사볼까”...삼성전자 임원들 릴레이 자사주 매입
20240609,"“막차 탔다, 너무 귀엽다”…MZ세대 ‘갤워치’에 난리 난 까닭"
20240609,정부는 김칫국 야당은 어깃장…세계 6위 나라의 동해유전 촌극 [노원명 에세이]
20240608,김 테마에 이혼·유전까지…단기 테마 ‘불기둥’
20240608,"“영어 배울 필요 없겠다”…카톡서도 실시간 통역 서비스, 갤Z6 놀랍네"
20240607,“돈 많이 받으면 이 정도는 하라고?”…‘주 6일’ 나가는 임원들
20240607,"“연차 오해 마세요, 여행 갔다왔어요”…삼성 첫 파업, 참여율은 저조"
20240607,블랙록도 찜했다…‘클린 에너지 리테일러’ 꿈 [천억클럽]
20240607,“엔비디아에게 절해야겠네”…‘20만닉스’ 역대 최고가 찍었다
20240607,갤Z6의 반격 … 카톡서도 실시간 통역 서비스
20240607,"삼성 노조 첫 파업, 참여율은 저조"
20240607,"삼성·SK 이어 삼양 … 임원 주6일 근무, 중견그룹으로 확산"
20240607,"""국내증시 저평가 주범 상속·금투세 없애야"""
20240607,"ASML 차세대 장비, TSMC가 먼저 샀다"
20240607,"""HBM 업고 튀어"" SK하이닉스 역대 최고가"
20240607,"외면당한 삼성전자 첫 파업, 노조 자해행위 더는 말아야 [사설]"
20240607,"대만 TSMC, 대당 5천억원 넘는 ASML 차세대 EUV 장비 구매"
20240607,상속세 개편 어떻게
20240607,"삼성전자, 대만 QCT와 맞손…“CXL 메모리 협력”"
20240607,AI발 ‘픽앤쇼벨’...태양광에 ESS까지 ‘밸류업’ [스페셜리포트]
20240607,‘회장님’이 챙기는 SK하이닉스 7% 급등…월가 “31만원 간다”
20240607,"정작 女 사내이사, 그 회사엔 한 명도 없다"
20240607,"코스피 마감, 2,722.67P (1.23%↑) SK하이닉스, KB금융등 상승세"
20240607,“AI 반도체 다음은 AI 소프트웨어”
20240607,HBM 주도권 잡은 SK하이닉스…핵심부품 ‘이 기업’서 공급받는다는데
20240607,"엔비디아, 내일 액면분할 단행…불장에 기름 얹을까 [오늘, 이 종목]"
20240607,"“삼성-엔비디아 통큰 결단 주목”…미국 간 이재용, 젠슨 황 만날까"
20240607,"“지금까지 납품한다 못한다, 다 필요없다”…HBM 쟁탈전 이제 시작인 이유 [위클리반도체]"
20240607,“삼성 아닌데 이 정도라니”...‘이 기업’ 투자 소식에 용인 집값 들썩
20240607,"“하필 오늘이냐, 오해 살까봐 출근”…삼성 첫 파업, 직원들 반응은"
20240607,“고전한다지만 그래도 삼성전자”...IT전문가들이 꼽은 AI선도 기업 1위에
20240607,"매경이 전하는 세상의 지식 (매-세-지, 6월 7일)"
20240606,“반도체가 대만을 구원했다” 글로벌 IT 성지 된 비결은[컴퓨텍스 현장 르포]
20240606,"이재용 ""아무도 못하는 사업, 먼저 해내자""… 美 30개 일정 강행군"
20240606,"“아무도 못하는 사업, 먼저 해내자”…이재용, 미국서 30개 일정 강행군"
20240606,한국이 산유국 되면 수혜받는 종목 무엇 [MBN GOLD 시황저격]
20240606,외국인 매수세 회복에…반도체·2차전지株 '꿈틀' [MBN GOLD 증시기상도]
20240606,AI株 쏠림 심해 … 이젠 실적호전株 주목 [미국주식 원포인트 레슨]
20240606,"""우리도 AI 수혜주""… LG전자 10만원 넘어 어디까지 [빅데이터로 본 재테크]"
20240606,최흥진 KEITI 원장 “대기업협력사도 EU 환경규제 받는데 무방비 상태 많아”
20240606,찬사 쏟아진 삼성 OLED TV…“테스트한 TV 중 최고”
20240606,외국인 돌아오자 삼전 뛰고 에코프로 날고…개미들 모처럼 함박웃음
20240606,"VVR, 최고위자문역으로 싱가포르 난양공대 이관민 석과교수 영입"
20240606,말단 사원과 똑같은 유니폼 입은 회장님…‘반도체 슈퍼을’ 노린다
20240606,‘5% 급등’ 엔비디아 3조달러 돌파...애플제치고 세계2위 등극 [월가월부]
20240605,“접는 건 삼성이 휩쓸 줄 알았더니”…폴더블폰 세계1위 바뀌었네
20240605,"레인보우로보틱스, 삼성전자와의 협력 가능성에 기대감 UP!"
20240605,배반 없는 배터리·반도체…코스피 웃었다
20240605,황철주 기술독립 20년 꿈 결실 …'반도체 슈퍼乙' 노린다
20240605,"日, 차세대 반도체 올인…자율주행 내년 전국 확대"
20240605,[기자24시] 삼성전자 노조의 파업전야
20240605,AI 품은 아이폰16 온다 韓 부품사 실적 기대감
20240605,쿠팡·알리 공세에 손잡은 신세계와 CJ
20240605,"삼성, 폴더블폰 1위 내줬다"
20240605,“중국 공세 맞서 범삼성家 손 잡았다”…새벽배송부터 멤버십까지 동맹 선언
20240605,“직원 1천명 개인정보로 조합원 부풀려”…삼성전자 노조 내부폭로
20240605,아이폰16 패널도 삼성·LG 독차지…韓 부품사 실적 기대감
20240605,"코스피 마감, 2,689.5P (1.03%↑) LG에너지솔루션, 삼성전자등 상승세"
20240605,삼성전자 경영진 자사주 매입…반등 신호일까?
20240605,"“역시 젠슨 형!”…HBM 언급에 삼성전자 ‘불기둥’ [오늘, 이 종목]"
20240605,‘1조 3800억’ 셈법 분주한 SK...최태원 이혼 자금 조달처 1순위 기업은?
20240605,"“총잡이의 도시인줄 알았는데”…알고보니 ‘기업의 도시’인 이곳, 요즘 들썩이는 이유는 [추동훈의 흥부전]"
20240605,인텔 “경쟁사보다 AI 성능 3배 이상…韓 기업들과 협력”
20240605,애플·인텔도 시선집중…반도체 공정 세계 첫 상용화에 매수버튼 [주식 초고수는 지금]
20240605,"日, 차세대 반도체 양산 지원…자율주행차 도로 주행도 100곳서"
20240605,"삼성전자, 反엔비디아 연합 동참하나…인텔 부사장 “협력 강화해 독점 타파”"
20240605,"“삭발은 뉴진스님이 했으니 우린 연차파업”…억대 연봉인데 투잡, 쓰리잡 뛴다는 삼성 노조 [방영덕의 디테일]"
20240605,“얼마나 잘 나가길래”…1년새 직원 3만2151명 더 뽑은 ‘이 회사’
20240605,엔비디아 CEO 한마디에 폭등한 이 주식…고수는 “팔자” [주식 초고수는 지금]
20240605,"애플·인텔 홀렸다...주성엔지니어링, 마이크로LED·유리기판용 차세대 반도체 공정 세계 첫 상용화"
20240605,"“HBM 공급 받을 것”…삼성전자, 젠슨 황 발언에 3% 강세"
20240605,“평생 고생한 아내를 위해”...대형병원 20분·강남생활권까지 노리는 이곳
20240605,"특징주, 삼성전자-HBM(고대역폭메모리) 테마 상승세에 3.46% ↑"
20240605,"삼성전자 노조서 내부폭로…“직원 1000명 개인정보 등록, 조합원 부풀리기”"
20240605,"스노우플레이크, 엔비디아와 협력 강화 “코텍스AI에서 엔비디아 클라우드 서비스”"
20240604,"“엔비디아 3분의 1 가격에 팔겠다”…인텔, TSMC와 손잡고 대대적 반격"
20240604,"삼성, ‘하드파워’로 리더십 대전환했는데…"
20240604,"젠슨 황 ""삼성 HBM 엔비디아에 탑재할것"""
20240604,"삼성 노조서 이런 일이, 사실이면 충격…“노조원 부풀리기” 의혹 제기"
20240604,"노태문 삼성전자 사장, 자사주 5000주 매입…언팩 흥행 자신감"
20240604,삼성 3代 문화공헌 결실…호암미술관 기획전 흥행몰이
20240604,"""전삼노, 조합원수 부풀려 노조전임 챙겨"" 내부폭로"
20240604,적도기니·토고 대통령 생일 챙긴 尹
20240604,“이재용 회장도 다섯번이나 관람”...삼성家 ‘미술 사랑’ 어느 정도길래
20240604,"법무법인 대륙아주, 한·아프리카 에너지포럼 주관"
20240604,"“삼성 HBM, 엔비디아에 탑재할 것”...젠슨 황 “테스트 실패 사실 아니다”"
20240604,“삼성이 또 해냈네”…5년 쏟아부은 ‘이 전시’에 6만명 몰렸다
20240604,“엔비디아 HBM납품 2라운드 시작됐다”... ‘사활’ 건 삼성 vs SK
20240604,"시추공 1개당 1000억, 성공 확률은 20%…경제성 있나"
20240604,"코스피 하락 마감, 2,662.1P (-0.76%↓) 유통업, 보험 등 하락 주도"
20240604,"“동해 석유가스전, 허황된 소리 아니다”… 조선·정유 업종 등 수혜 기대"
20240604,“김희선이 쓰는 피부관리기”…증권사도 사라는 이 종목은? [주식 초고수는 지금]
20240604,"HL만도 `찾았다, 하이브리드 최대 수혜주` 증권사 발표에 강세…3.08%"
20240604,“집안 기둥만 뽑히는 게 아니었네”…‘세기의 이혼’에 휘청이는 SK그룹 [나기자의 데이터로 세상읽기]
20240604,“기다리다 목 빠지겠네”…접는 아이폰은 언제나오나
20240604,"미래에셋, ‘TIGER 글로벌온디바이스AI ETF’ 순자산 800억원 돌파"
20240604,‘한국도 이제 산유국’…尹 발표에 한국가스공사 이틀째 강세[특징주]
20240604,시대 뒤떨어진 기준 비판…국내 기업 역차별 지적도
20240604,"아워홈, 환경부와 ‘환경교육 활성화 협력’ 업무협약 체결"
20240603,“수출 실적 ‘파란불’에 씽씽 달리네”…주가 재시동 건 현대차·기아
20240603,"“한때 1억 넘어섰는데”…한풀 꺾인 코인, 개미들 몰리는 곳은"
20240603,"엔비디아, 시스코처럼 폭락 전철 밟을까"
20240603,거울에 얼굴 비췄더니…“탈모·다크서클 이렇게 치료하세요”
20240603,尹 “140억 배럴” 발표에 “다케시마처럼 강탈하나” 日 누리꾼 딴죽
20240603,“삼성전자 시총 5배가 있다고예?”…잭팟 터진 ‘이곳’에 전국민 관심집중
20240603,尹 “동해 140억배럴 석유·가스전…연말 첫 시추”
20240603,동해안에 2천조 석유가스전 … 천문학적 전후방 경제효과 기대
20240603,반도체 엇갈린 주가에…외국인만 함박웃음
20240603,美수출 늘자…현대차·기아 주가 재시동
20240603,"""동해 140억배럴 석유·가스전…연내 탐사 시추"""
20240603,"폴더블폰 수리비 36% 싸진다 삼성, 필요 부품만 단품 수리"
20240603,"TSMC 수율 80% 주장에 삼성 ""2026년 1나노 도입"""
20240603,"엔비디아, 차세대 AI칩 '루빈' 첫 공개"
20240603,[코스닥 공시] 지놈앤컴퍼니 / 하나기술 / 예스티
20240603,'영일만 석유·가스전' 반갑지만 최종 확인까지 냉정을 [사설]
20240603,"스타벅스·삼성전자 트레이, 국내 1호 ‘순환자원사용제품’ 인증 발급"
20240603,[MK히든챔피언] AI 피부분석서 탈모진단으로 영역 확대
20240603,[충무로에서] 삼성은 언제나 위기 속에 있었다
20240603,“‘가죽점퍼의 남자’ 굳히기 나섰네”…1년 앞당겨 신무기 출시한다는데
20240603,"롯데건설, 개발호재 많은 병점역세권 브랜드 대단지"
20240603,“똑같은 반도체 샀는데 왜 이래”…외국인 웃고 개인 우는 이유는
20240603,"코스피, 외국인과 기관 `사자`에 상승 마감...2,682.52P (1.74%↑)"
20240603,"삼성 뮤직프레임, 지용킴과 콜라보…“스페셜 에디션 출시”"
20240603,“세기의 이혼 불똥 튀었나”…SK하이닉스 오르자 큰손은 ‘팔자’ [주식 초고수는 지금]
20240603,“접었다 폈다 고장날까 걱정했는데”…단품 수리 가능해진 ‘이것’ 19만원 아낀다
20240603,"키움증권, 중개형 ISA계좌 전용 특판ELB 추가 판매"
20240603,"신세계까사 ‘굳닷컴’, 상반기 최대 프로모션 ‘굳데이’ 실시"
20240603,삼성전자 스마트폰 1분기 38개국서 1위…애플 2배
20240603,"안덕근 “가스전 최대 매장량, 삼성전자 시총 5배”"
20240603,“대출·리딩방·도박 지긋지긋 스팸 문자!”…이젠 안 받을 수 있다는데
20240603,"대한민국 NFT·블록체인 게임 컨퍼런스, 아발란체·엑스플라 전략 듣는다"
20240603,"롯데건설, 반도체 메가클러스터 수혜 기대감 오산서 ‘롯데캐슬 위너스포레’ 이달 공급"
20240603,"삼성전자, 패션 브랜드 ‘지용킴’과 손잡고 뮤직 프레임 한정판 출시"
20240603,“냉장고·세탁기 새로 샀냐고? 구독했어”…연매출 1조 기대한다는 ‘이 사업’
20240603,“동학개미 반대로 하면 돈 번다?”…5월 한 달 성적표 보니
20240603,행운의 금성? 새벽에 빛나는 별? 코리아 나일론? 도대체 무슨 기업 이름일까요 [말록 홈즈]
20240602,“돈 때문에 못 사는 사람 없어야”…14만명 손 잃은 환자에 희망주는 이 남자
20240602,"“확실히 달라진 너, 이번엔 바꾼다”…화면 커지고 더 얇아지는 아이폰16"
20240602,"삼성, 불법스팸 막는다 '악성문자 필터링' 도입"
20240602,주택 불황에 해외사업으로 버틴다
20240602,가전 3종 7만원 내면 '오늘 설치' 해드려요
20240602,전력 인프라는 한국 새 먹거리 … 반도체·배터리처럼 키울 것
20240602,LG전자 구독사업 탄력 … 연매출 1조 넘긴다
20240602,"""돈 때문에 의수 못사는 장애인 없길 바라죠"""
20240602,"현대차증권, AI 반도체 시대 … 대장주·유망종목 분산 투자"
20240602,삼성전자 갤럭시로 ‘스팸’ 거른다…‘악성문자 필터링 서비스’ 도입
20240602,단숨에 600억 몰렸다…‘CXL’에 꽂혀 대기업 박차고 창업 ‘이 남자’[신기방기 사업모델]
20240602,"삼성전자, 가격 낮춘 ‘비스포크 스팀’ 온라인 출시"
20240601,"“역시 증시 격언 귀신같네”…‘셀 인 메이’ 들어맞았다, 5월 코스피 2% 뚝"
20240531,"장인화 포스코 회장, 8년만에 해외 경제사절단 참가"
20240531,역시 5월엔 팔아야하나…코스피 2% 뚝
20240531,실적 악화로 법인세 가뭄 4월까지 국세 8조 덜걷혀
20240531,삼성전자 직원 방사선 피폭됐다는데…방사능·방사선은 얼마나 위험할까 [교과서로 과학뉴스 읽기]
20240531,AI發 2차 결투 … 삼성·SK '고용량 낸드' 승부수
20240531,캐스퍼·갤럭시 버즈 등 푸짐한 경품 기다린다
20240531,女風 분 호암상 시상식 … 이재용도 3년 연속 찾아
20240531,"삼성 ‘인재 제일’ 철학 계승에 개인 기부까지...이재용, 삼성호암상 참석"
20240531,권오현·전동수·고동진…그들이 돌아왔다 [스페셜리포트]
20240531,황창규·박진수…멘토링 나선 ‘경영 도사’ [스페셜리포트]
20240531,"코스피, 개인과 기관 `사자`에 상승 마감...2,636.52P (0.04%↑)"
20240531,그냥 대화를 하는 것뿐인데 신기하게… [편집장 레터]
20240531,삼성·LG 나란히 장바구니 담는 고수들…무슨 일? [주식 초고수는 지금]
20240531,‘삼성 뉴스룸 재팬’ 개설…일본 현지 공략 강화
20240531,"“당신을 책임져줄 절대 반지가 온다”…전파 인증 마친 갤럭시 링, 출격 채비"
20240531,고종과 이토 히로부미 外 [신간]
20240531,"“열풍을 차갑게 식혀라, 그리하면 깨어나리라”...미래 먹거리 전쟁서 다크호스된 이 기업"
20240531,[MK톡스타] 양대 전자기업의 선택! 로봇산업 낙수효과 수혜주는?
20240531,"DB금융투자, 제1회 실전투자대회 ‘마스터스 챌린지’ 개최"
20240531,"갤럭시 S24, 생성형AI 스마트폰 점유율 58.4%....“시장 지배”"
20240531,“파업? 사두면 곧 오를텐데”…이 종목 매수버튼 [주식 초고수는 지금]
20240531,"“목표가 11만전자”…삼성전자, 반도체 실적 회복 구간 돌입 기대"
20240531,“BMW 박았는데 되레 괜찮냐 물어보고 그냥 가시라고”...뉴진스님의 자비
20240530,AI·바이오·로봇…곳곳에 ‘교수님의 힘’
20240530,케이뱅크*삼성전자 ‘챌린지박스’ 6시간 만에 완판
20240530,'전자기기 심장' 차세대 전력반도체 국가전략기술 추가…세혜택 늘린다
20240530,K반도체까지 팔고…개미들 美 증시로 진격
20240530,폰 넘어 PC도 AI대전 …'갤북4 엣지' 출격
20240530,"삼성 반도체 구원투수 ""위기극복 방안 찾을것"""
20240530,강원'반도체자치도'로 진격 … 전문인력 1만명 키운다
20240530,AI 열풍 또 다른 수혜… 전력·에너지株 '불끈' [MBN GOLD 증시기상도]
20240530,개인투자자들 국내 반도체 ETF 대거 매도하고 나스닥으로 진격
20240530,"코스피 마감, 2,635.44P (-1.56%↓) LG에너지솔루션, 기아등 하락세"
20240530,외국인 1조 넘게 팔았는데…매수 쏟아진 ‘이 종목’ [주식 초고수는 지금]
20240530,"키움증권, 중개형 ISA계좌 전용 특판 ELB 완판"
20240530,"삼성전자 사상 첫 파업일이 하필이면…딱 ‘그 날’이네, 유급일까 무급일까"
20240530,컬리 ‘직장어린이집’ 모르쇠...8개 기업 2년 연속 미설치
20240530,"“6만전자로 떨어지면 어떡하나”…파업 소식에 ‘흔들’ [오늘, 이 종목]"
20240530,스마트폰 기능이 노트북으로 ‘쏙’…삼성 신무기 ‘갤북4 엣지’ 살펴보니
20240530,"삼성, 노트북 ‘갤럭시북 4엣지’에도 온디바이스 AI 탑재"
20240530,"“올해 87% 급등, 살짝 빠진 지금이 기회”…이 주식 매수바구니에 [주식 초고수는 지금]"
20240530,“송전망 비용도 삼성이 내라니”…윤대통령의 약속에 거는 기대 [기자24시]
20240530,"엔비디아 효과에 ARIRANG글로벌HBM반도체, 올해 30% 급등"
20240530,"부릉, 콘택트렌즈도 1시간 내 안전 배송"
20240530,“삼천피·10만전자·밸류업 믿었던 내가 바보”...열혈 국내개미도 해외로
20240530,"매경이 전하는 세상의 지식 (매-세-지, 5월 30일)"
20240530,휴대폰 내려놓고 완벽 부활…남들 모르게 조용히 오르는 알짜 주식 [매일 돈이 보이는 습관 M+]
20240529,“삼성에 자극받았나”…애플도 구형 스마트폰에 ‘이것’ 탑재한다는데
20240529,"파라다이스도 ‘재벌’...하이브, K팝 첫 지정 [스페셜리포트]"
20240529,"엔씨 김택진 대표 부친상 가족장에도, IT 거물 조문 행렬 이어져"
20240529,“한국에 엔비디아보다 더한 놈 있다?”...올들어 178% 올랐다는데
20240529,“7만전자는 웁니다”...반도체 전쟁 다급한데 첫 파업선언까지 터졌다
20240529,"“손떨면서 샀는데 신의 한수였네”...18개월만에 시총 7배, 이 정도면 ‘갓비디아’"
20240529,“삼성전자 1분기 스마트폰 출하량 20% 차지…1위 탈환”
20240529,삼성전자 기흥캠퍼스서 직원 2명 방사선 피폭…“치료 적극 지원”
20240529,엔비디아보다 더 뛴 한미반도체 서학개미 몰린 '슈마컴'은 뒷걸음
20240529,삼성 뒤쫓아 … 애플도 구형폰에 AI 장착
20240529,한투운용 AI반도체 ETF HBM 특수에 수익률 1위
20240529,지난해 현금배당 상장사 1186곳 '역대 최다'
20240529,"""삼성 근로자위원 출마 마라"" 전삼노, 노조원 회유 의혹"
20240529,"""전삼노, 민노총과 손잡나""…젊은노조 반발"
20240529,반도체 전쟁 한창인데 삼성노조 첫 파업선언
20240529,"괴력의 갓비디아, 시총 3조弗 눈앞"
20240529,"韓·UAE, 포괄적경제동반자로 격상…아랍 국가중 처음"
20240529,세수 오차 커지자 … 법인세 납부방식 손본다
20240529,"엔씨소프트 ""현금 확보""… 삼성동 사옥 매각 박차"
20240529,세계는 AI칩 전쟁 중인데 삼성전자 노조는 파업하겠다니 [사설]
20240529,[기자24시] 관심 절실한 반도체 전력문제
20240529,"정보통신기획평가원, 제 2회 AI-PIM 반도체 워크숍 개최"
20240529,"“아프리카, 유럽, 중동으로 가는 교두보인 이집트로 오세요”"
20240529,‘블루 아카이브’ MX스튜디오 개발 리더십 재편…‘새도약’ 도전
20240529,"코스피 마감, 2,677.3P (-1.67%↓) LG에너지솔루션, 삼성전자등 하락세"
20240529,“판교에 새로 지으려 강남 사옥 판다”…현금 확보 나선 엔씨소프트
20240529,“너도나도 받는다는데 왜 나만”…작년 현금 배당 상장사 1186곳 역대 최다
20240529,"[포토] 삼성전자 노조, 전격 파업 선언…창사 이래 최초"
20240529,"[포토] 삼성전자 노조, 파업 선언 창사 이래 최초"
20240529,"[단독] 전삼노 집행부, 삼성 근로자위원 후보에 사퇴 회유 논란"
20240529,퇴사 직원에게 ‘핵심기술’ 탈탈 털린 삼성·SK...‘뒷북 대응’ 언제까지
20240529,“트와이스·있지 다음은 누구?”…장바구니서 빠진 이 종목[주식 초고수는 지금]
20240529,모건스탠리 “SK하이닉스 상승여력 33%” ··· 삼성전자는 빠져
20240529,삼성전자 ‘사상 첫 파업’ 결국 현실화…내달 7일 단체 연차 사용부터
20240529,"스포츠토토, 소액·소조합 구매 건전화 캠페인 ‘소소한 즐거움 스포츠토토 라이프’ 1차 이벤트 마감 앞둬"
20240529,‘스미마셍’ 말한 후 갤럭시S24 들이밀었더니...“진짜 통하네” [방영덕의 디테일]
20240529,삼성전자 노조 사상 첫 파업선언...임금 5.1% 인상에 ‘No’
20240529,[속보] 삼성전자 노조 파업 선언…사상 처음
20240529,“데이터센터에 꼭 필요해”…AI 올라탄 ‘이 회사’ 장바구니 [주식 초고수는 지금]
20240529,"HBM株 집중 편입한 ACE AI반도체 ETF, 수익률 1위"
20240529,"“완전 럭키비키, N사 업고 튀어”…불붙은 증권사 리포트 제목 경쟁 ‘화제’"
20240528,“대기업 CEO는 아침에 ‘이것’부터 한다”…‘올해의 명품’ 20년 연속 선정
20240528,‘20만닉스’ 축포 쐈지만…현금 곳간은 ‘텅텅’
20240528,“40조 보따리 우리에게 푸세요”…이재용·방시혁도 ‘이 남자’ 만나러왔다
20240528,“도대체 뭐가 밸류업?”…韓 떠난 외국인 몰려간 ‘이곳’은 연일 최고치
20240528,솔트룩스 “AI 검색 산업 진출”…미국 실리콘밸리서 정면 승부
20240528,CEO가 뽑은 명품신문 매경…20년째 압도적 1위
20240528,韓 찾은 UAE 대통령에 재계 총출동
20240528,"삼성, 레녹스와 손잡고 美 공조시장 공략"
20240528,[기고] 위기 극복의 열쇠는 기업
20240528,中 직원이 SK 반도체 기술 유출 … 유죄 땐 화웨이에 책임 물어야 [사설]
20240528,"韓서 짐싼 외국인, 대만·中으로 달린다"
20240528,캐스퍼가 기다린다 … 갤러리 유혹하는 경품 축제
20240528,"美 증시 휴장 영향에 국내 증시도 관망세…하이브, 에스엠 지분 처분에 동반 하락 [이종화의 장보GO]"
20240528,“삼성전자 팔고 하이닉스 사요”…외국인 쇼핑 관건은 ‘HBM’
20240528,삼성전자에 무슨 일? 외국인 1조 넘게 팔았다…그런데 증권가에선 기대감↑
20240528,4월 CPI·엔비디아 호재에도 코스피만 하락세··· “삼성전자 빼면 0.4% 올랐다”
20240528,"성과 이끄는 리더도, 든든한 팀원도 모두 '챔피언' [송오현의 영어로 바라보는 세상]"
20240528,월가 “엔비디아 이후 반도체 붐 주도 종목…SK하이닉스 사라”
20240528,"코스피 마감, 2,722.85P (-0.01%↓) POSCO홀딩스, 삼성바이오로직등 하락세"
20240528,삼성전자 업계 리더 불러 ‘삼성 헬스’ 협력 논의…‘갤럭시 링’ 전시도
20240528,AMD·삼성전자 협업 소식에… 이 종목 투심 쏠렸다 [주식 초고수는 지금]
20240528,"“두산, 하반기 엔비디아 납품 본격화”…목표주가 32%↑ [오늘, 이 종목]"
20240528,“주가 떨어져? 완전 럭키잖아”…매수바구니 최상단에 [주식 초고수는 지금]
20240527,폼페이오 회동한 김영준 회장 누구?
20240527,"역대 최대 ‘빅펀드’ 내놓은 중국…미국 반도체 포위망, 돈으로 뚫는다"
20240527,"삼성전자 기밀 빼돌려 특허 소송…검찰, 前 부사장 구속영장 재청구"
20240527,"전영현 삼성전자 DS부문 부회장, ‘초격차’ 재건 내 손으로…‘올드보이’의 귀환 [CEO LOUNGE]"
20240527,"재계 총수들, UAE 대통령 만난다"
20240527,"최태원 ""3國 민간 협력플랫폼 만들어 경제현안 해법 찾자"""
20240527,"이테크시스템, 글로벌 빅테크 출신 임원 영입...이명우 부사장 “클라우드 3배 성장”"
20240527,美 보란듯 '반도체 자립' 올인 … 중국판 TSMC·퀄컴 키운다
20240527,‘억대 연봉’ 갈수록 많아지는데…실제 실수령액은 얼마?
20240527,해외수수료 공짜·환전우대 증권사들 앞다퉈 고객 유치
20240527,"특허 빼내고, 친정에 칼 겨눠…前삼성전자 부사장 영장"
20240527,"[단독] 전력망법, 국회에 발목잡혀 … 반도체 '송전 고속도로' 차질"
20240527,"“이재용 19개 혐의 모두 무죄”…뒤집기 노리는 검찰, 2심 재판 시작"
20240527,삼성 재단 연구지원 '생체시계 비밀' 화제
20240527,"코람코라이프인프라리츠, 중·소형 호텔 투자로 배당 안정성 높인다"
20240527,"코스피 상승 마감, 2,722.99P (1.32%↑) 기계, 건설업 등 상승 주도"
20240527,건강 알려주는 절대반지 ‘갤럭시 링’ 가격은?...7월 10일 파리에서 공개
20240527,애플 WWDC서 발표할 AI는?…오픈AI 음성비서 아이폰에 탑재될까
20240527,“미워도 다시한번 믿어볼까”…이 회사에 투심 쏠린다[주식 초고수는 지금]
20240527,"찰리 파크 “흡입력 없는 워시 G1, 더 깨끗하게 물청소”"
20240527,"“생체시계, 암 치료에 효과”…삼성이 지원한 연구 뭐길래"
20240527,한일중 경제인들 “공통과제 대응 위해 협력 강화” 한목소리
20240527,"대구, 비수도권 최대 반도체 인재 양성"
20240527,“공포에 사서 환희에 팔아라”…큰손은 ‘이 주식’ 담는다[주식 초고수는 지금]
20240527,"“절대반지 드디어 나온다”…‘갤럭시 링’ 7월 공개, 가격은"
20240527,“삼성 출신 들어가니 좀 달라졌네”…요즘 국회는 ‘AI 열공’
20240527,120조 굴리는데 마땅한 투자처 없다니…대기업들 “현금 확보 우선”
20240527,‘경영권 불법승계 의혹’ 이재용 항소심 오늘 시작
20240526,"리창 만난 이재용 ""코로나 극복 도움에 감사"""
20240526,美 ‘연금 백만장자’ 해외여행 갈때…韓노인은 일자리 찾으러 고용센터 기웃
20240526,K-반도체 비상걸렸다...전력 110km 끌어와야 용인 클러스터 가동
20240526,"[속보] 中리창, 이재용에 “삼성 등 韓기업 중국 투자·협력 확대 환영”"
20240526,"요즘 여의도선 ""반도체·AI 공부합시다"""
20240526,전력 110㎞ 끌어와야…K반도체 비상
20240526,수조원 전기료에 짓눌린 반도체社 … 송전망 비용까지 떠안을판
20240526,"美선 주지사가 앞장서 ""전력 보장"" 日은 지자체가 용수·도로 해결해줘"
20240526,'갤럭시 링' 7월 공개 … 40만원대 전망
20240526,"고금리 부담에 … 대기업 절반 ""투자보단 현금 확보"""
20240526,"[나현준의 데이터로 세상읽기] 美 '연금 백만장자' 해외여행 갈 때 막대한 은퇴자금 증시로… 年평균 수익률 10%대 韓 ""일자리 없나요"" 고용센터 기웃 예적금 등 안전자산 방치…장기 투자해도 쥐꼬리"
20240526,“수출 대박 났다더니”...대통령 만찬 메뉴로도 등장한 이 라면
20240525,“안녕히 주무셨습니까”…수면부족 현대인 돕는 ‘슬리포노믹스’가 뜬다
20240525,"매경이 전하는 세상의 지식 (매-세-지, 5월 25일)"
20240524,"왕년의 삼성맨 18명 뭉쳤다…“스타트업, 초격차로 만들어드립니다”"
20240524,“HBM 주도권 꽉 쥔다” 최태원의 자신감…해외생산까지 검토
20240524,"삼성 ""5세대 HBM 순조롭다""… SK하이닉스는 해외생산 저울질"
20240524,반도체 급박한데 연예인 불러 집회 연 삼성노조
20240524,왕년의 삼성맨 의기투합…'될성부른' 새싹기업 키운다
20240524,"""블루오션 선점""…은행, 토큰증권 사업 속도"
20240524,"美 ‘깜짝’ 고용·PMI에 코스피 하락…삼성전자, 엔비디아 HBM 테스트 미통과 보도에 급락 [이종화의 장보GO]"
20240524,"덩치키운 놈, 실속차린 놈, 저평가된 놈 … AI株 투자 질주"
20240524,엔비디아발 악재 우려에 주가도 급락···반도체주 약세
20240524,"코스피 하락 마감, 2,687.6P (-1.26%↓) 의료정밀, 전기,전자 등 하락 주도"
20240524,"제일기획, 북미·유럽 대표 광고제에서 본상 연속 수상"
20240524,“회사는 초비상인데”...뉴진스님 불러 강남 한복판서 집회 연 삼성 노조
20240524,“삼성전자·SK하이닉스보다 많이 샀다”…이 종목 매수 버튼 [주식 초고수는 지금]
20240524,“임영웅 만나더니 훨훨 나네”…날개 돋힌듯 팔리는 ‘국민생수’ 비결은 [남돈남산]
20240524,기밀 빼돌려 삼성전자 상대 특허소송 낸 前 삼성전자 ‘특허 임원’
20240524,"“삼성전자, 엔비디아 테스트 통과 아직”…2%대 ‘뚝’ [오늘, 이 종목]"
20240524,‘천비디아’시대 열리자 ‘이십만닉스’까지…혼자 남은 ‘7만전자’의 카드는? [위클리반도체]
20240524,"“엔비디아 HBM 테스트 진행 중”...반박 나선 삼성전자, 증권가 시선은?"
20240524,"삼전, 엔비디아 HBM 납품 테스트 ‘불통’ 소식에 약세 [특징주]"
20240524,스마트폰 카메라 시대에 또 ‘아날로그 카메라’ 신제품 출시한 기업
20240524,“떨어졌을 때 미리 사놓자”…이 종목 매수바구니에[주식 초고수는 지금]
20240524,“테스트 아직 통과 못해”...엔비디아 납품 우려에 삼성전자 2%대 약세
20240524,"삼성전자, 외신보도 즉각 반박…“엔비디아 HBM 공급 테스트 순조롭게 진행 중”"
20240524,“삼성전자 HBM칩 아직 엔비디아 테스트 통과 못해” <로이터>
20240524,"매경이 전하는 세상의 지식 (매-세-지, 5월 24일)"
20240524,“청년들 ‘비빌 곳’ 하나 더 생겼다”…삼성이 또 해냈다는데
20240524,“보조금 아닌 26조 지원 통할까”…밀리면 끝이라는 ‘반도체 전쟁’에 승부수
20240523,"김기문 ""중소기업이 새 수출동력"" 尹 ""세일즈 외교 박차"""
20240523,[포토] 중기 지원 힘 모으는 대기업 총수들
20240523,[포토] 2024 대한민국 중소기업인대회
20240523,[단독] “미국 정부가 보증해준 한국기업”…반도체 전쟁서 이길 게임체인저 되나
20240523,“지금 올라타도 될까”…글로벌 시총 No.1 넘보는 ‘이 종목’
20240523,"尹 ""반도체가 민생"" 26조 투입 승부수"
20240523,'천비디아' 된 엔비디아…글로벌 시총 넘버1 넘본다
20240523,"尹 ""반도체 지원 혜택 70% 중기에 집중""… 소부장 R&D 5조 투입"
20240523,친정에 특허 소송 건 삼성 前임원 美서 철퇴
20240523,한글 맑은 고딕체 개발 석금호 산돌 의장 별세
20240523,이재용 '청년동행'… 대전에 11번째 보금자리
20240523,"반도체에 26조 지원, 전력망 구축 못하면 소용없다 [사설]"
20240523,삼성·SK … 주력사 성적따라 그룹ETF 희비
20240523,드디어 ‘천비디아’ 찍었다…엔비디아發 훈풍에 반도체주 ‘들썩’
20240523,국내 반도체 상위종목 집중 … AI 열풍 타고 순자산 8천억 돌파
20240523,“우리 큰형님이 이끌어주셔야”…대표주 성적 따라 그룹ETF ‘희비’
20240523,영화 '그녀'처럼 … 보고 듣고 말하는 AI 왔다 [꼭 알아야 할 최신 뉴스]
20240523,"삼성증권, 투자형 상품 수익률 1위 … 퇴직연금 적립금 40% 증가"
20240523,수출 날아오른 화장품·식품 … 주가도 '훨훨' [MBN GOLD 증시기상도]
20240523,'불닭의 질주' … 불타오르는 삼양식품 주가 [빅데이터로 본 재테크]
20240523,"‘천비디아’에도 지긋지긋 7만전자, 20만원 안착 SK하이닉스...‘이것’이 갈랐다"
20240523,"코스피 하락 마감, 2,721.81P (-0.06%↓) 유통업, 음식료품 등 하락 주도"
20240523,"“삼성 기밀 빼내 소송하다니 혐오스러워”...미국 법원, 이례적 작심비판"
20240523,"삼성전자, 갤럭시 버즈 ‘푸바오 케이스’ 출시"
20240523,삼성전자 폴더블 ‘갤럭시Z’ 출시 앞당겨…7월10일 파리서 언팩
20240523,"미래에셋, ‘TIGER Fn반도체TOP10 ETF’ 순자산 8000억원 넘었다"
20240523,[Car Special] 새롭게 단장한 프리미엄 에디션
20240523,“고마워요 엔비디아”…반도체 훈풍에 초고수들 이 종목 담았다 [주식 초고수는 지금]
